

[2025-05-14 14:43:03] URL: https://openapi.trip.com/tour/PayPreOrderConfirm.do
Payload: {"header":{"accountId":"123","serviceName":"PayPreOrderConfirm","requestTime":"2025-05-14 14:43:03","version":"1.0","sign":"95881fd3046cbf0fb608994be249d8a1"},"body":"S3p7nOt0WaSK9cSGGRDW8yuljtK66QxBxtGgbXqEIC4ejWJoWmJC+1jIZIJPk3JOJ+dwYpLoRGtpxCQFDLNco7FclgT2UeTRYGnsOWE154FHJ3UUTgxGSqq1hXo68sVXbdefSQegqb8zcEd8\/asmSZv6dG+pel98YCgI48ypI60="}
HTTP Code: 0
Response: 

[2025-05-19 15:15:23] URL: https://openapi.trip.com/tour/PayPreOrderConfirm.do
Payload: {"header":{"accountId":"123","serviceName":"PayPreOrderConfirm","requestTime":"2025-05-19 15:15:23","version":"1.0","sign":"e4eda3a2e4f4d4b9f54c083e5f92bde3"},"body":"S3p7nOt0WaSK9cSGGRDW8yuljtK66QxBxtGgbXqEIC4ejWJoWmJC+1jIZIJPk3JOJ+dwYpLoRGtpxCQFDLNco7FclgT2UeTRYGnsOWE154GhM09YNLi1QYe5HCwrXbQgHsdz3zqAhz2eZbgyZyEWIPO77S2PXl79wadPBN+Lr\/Q="}
HTTP Code: 0
Response: 

[2025-06-26 21:49:21] URL: https://ttdopen.ctrip.com/api/PayPreOrderConfirm.do
Payload: {"header":{"accountId":"9a61dfc211eab470","serviceName":"PayPreOrderConfirm","requestTime":"2025-06-26 21:49:20","version":"1.0","sign":"6cd6fca64ebd0bacf1ff9ec62ae61c67"},"body":"mdoobfebjappcgfdjkdnlgjdcmgknfnjfcgihfknpkpeabglfekjngiecnpjhcjjihlgaonpglhmagneakacbnnobaikbhcppgknijelcbmacchfmhiffoppmafojbeondgdnnnpgnceofeiiddagbnhepjkfdgkoaiibkhklhgnmdfdmimkfnpdnmbhpbifdmffckddngabiocmbncdkinjcfnafpaginpaelleopehhjcfekgmmejlmmogimopejnlapidfelllejjmldfffcegbdnagjh"}
HTTP Code: 200
Response: <!DOCTYPE html><html><head><meta charSet="utf-8"/><meta http-equiv="X-UA-Compatible" content="IE=edge"/><meta name="author" content="Trip.com"/><meta name="viewport" content="width=device-width,initial-scale=1,maximum-scale=1,user-scalable=no"/><meta name="content-type" content="text/html; charset=UTF-8"/><title></title><meta name="description" content=""/><meta name="keywords" content=""/><link rel="shortcut icon" href="//ctrip.com/favicon.ico"/><link rel="stylesheet" type="text/css" href="https://ak-s-cw.tripcdn.com/modules/vacation/tour-opentrip-online/style/sass/antd.min.css"/><link rel="stylesheet" type="text/css" href="https://ak-s-cw.tripcdn.com/modules/vacation/tour-opentrip-online/style/style.1.1.70.1726044963894.css"/></head><body><div id="foo"></div><div id="root"></div><div id="bar"></div><div id="modal"></div><input type="hidden" id="page_id" value="wait"/><script>
            (function() {
              window.__APP_SETTINGS__ = {"type":"createHistory","basename":"","context":{"basename":"","publicPath":"https://ak-s-cw.tripcdn.com/modules/vacation/tour-opentrip-online","staticPath":"/static","restapi":"https://www.trip.com/restapi/soa2","env":"prod","appId":"100041145","h5Version":"1.1.70","preload":{},"assets":{"manifest.json":"manifest.json","commonTests/README.md":"commonTests/README.md","style/font.scss":"style/font.scss","style/import.css":"style/import.css","style/import.scss":"style/import.scss","style/style.1.1.70.1726044963894.css":"style/style.1.1.70.1726044963894.css","style/css/docs.1.1.70.1726044963894.css":"style/css/docs.1.1.70.1726044963894.css","style/css/help.1.1.70.1726044963894.css":"style/css/help.1.1.70.1726044963894.css","style/css/index.1.1.70.1726044963894.css":"style/css/index.1.1.70.1726044963894.css","style/css/notice.1.1.70.1726044963894.css":"style/css/notice.1.1.70.1726044963894.css","style/css/ttd.1.1.70.1726044963894.css":"style/css/ttd.1.1.70.1726044963894.css","style/assets/169c1b4002c5895b.ttf":"style/assets/169c1b4002c5895b.ttf","style/assets/1752deffbb28d68b.eot":"style/assets/1752deffbb28d68b.eot","style/assets/2b3851e16e88003d.svg":"style/assets/2b3851e16e88003d.svg","style/assets/2f12708aa8880959.woff":"style/assets/2f12708aa8880959.woff","style/assets/40c921c13890b8fc.svg":"style/assets/40c921c13890b8fc.svg","style/assets/4282a8f3ce4eea1f.ttf":"style/assets/4282a8f3ce4eea1f.ttf","style/assets/463c0fd6016631cb.svg":"style/assets/463c0fd6016631cb.svg","style/assets/4b5479aa64b4c8c4.png":"style/assets/4b5479aa64b4c8c4.png","style/assets/54b26ce01077d8ef.woff":"style/assets/54b26ce01077d8ef.woff","style/assets/7047ab7ba83cb6c0.eot":"style/assets/7047ab7ba83cb6c0.eot","style/assets/9a10b10dce021cb7.woff2":"style/assets/9a10b10dce021cb7.woff2","style/assets/bd6294ed4b1bc72d.ttf":"style/assets/bd6294ed4b1bc72d.ttf","style/assets/f2d78608ea2ae3a9.woff":"style/assets/f2d78608ea2ae3a9.woff","style/font/gico.eot":"style/font/gico.eot","style/font/gico.ttf":"style/font/gico.ttf","style/font/gico.woff":"style/font/gico.woff","style/img/404.png":"style/img/404.png","style/img/Trip.com_blue.png":"style/img/Trip.com_blue.png","style/img/Trip.com_white.png":"style/img/Trip.com_white.png","style/img/back_old_1.png":"style/img/back_old_1.png","style/img/back_old_2.png":"style/img/back_old_2.png","style/img/banner.jpg":"style/img/banner.jpg","style/img/help_docking.png":"style/img/help_docking.png","style/img/help_docking_active.png":"style/img/help_docking_active.png","style/img/help_order.png":"style/img/help_order.png","style/img/help_order_active.png":"style/img/help_order_active.png","style/img/help_other.png":"style/img/help_other.png","style/img/help_other_active.png":"style/img/help_other_active.png","style/img/help_process.png":"style/img/help_process.png","style/img/help_process_active.png":"style/img/help_process_active.png","style/img/help_safe.png":"style/img/help_safe.png","style/img/help_safe_active.png":"style/img/help_safe_active.png","style/img/help_sanbox.png":"style/img/help_sanbox.png","style/img/help_sanbox_active.png":"style/img/help_sanbox_active.png","style/img/index_advan_1.png":"style/img/index_advan_1.png","style/img/index_advan_2.png":"style/img/index_advan_2.png","style/img/index_advan_3.png":"style/img/index_advan_3.png","style/img/index_advan_4.png":"style/img/index_advan_4.png","style/img/index_advan_bg.png":"style/img/index_advan_bg.png","style/img/index_advan_icon.png":"style/img/index_advan_icon.png","style/img/index_banner.png":"style/img/index_banner.png","style/img/index_docking_1.png":"style/img/index_docking_1.png","style/img/index_docking_2.png":"style/img/index_docking_2.png","style/img/index_docking_bg.png":"style/img/index_docking_bg.png","style/img/index_play_1.png":"style/img/index_play_1.png","style/img/index_play_2.png":"style/img/index_play_2.png","style/img/index_process_1.png":"style/img/index_process_1.png","style/img/index_process_2.png":"style/img/index_process_2.png","style/img/index_process_3.png":"style/img/index_process_3.png","style/img/index_process_4.png":"style/img/index_process_4.png","style/img/index_resolve_bg.png":"style/img/index_resolve_bg.png","style/img/logo_cn.png":"style/img/logo_cn.png","style/img/logo_cn_ttd.png":"style/img/logo_cn_ttd.png","style/img/logo_en.png":"style/img/logo_en.png","style/img/logo_en_ttd.png":"style/img/logo_en_ttd.png","style/img/logo_footer_cn.png":"style/img/logo_footer_cn.png","style/img/logo_footer_cn_ttd.png":"style/img/logo_footer_cn_ttd.png","style/img/logo_footer_en.png":"style/img/logo_footer_en.png","style/img/logo_footer_en_ttd.png":"style/img/logo_footer_en_ttd.png","style/img/question_1.png":"style/img/question_1.png","style/img/question_2.png":"style/img/question_2.png","style/img/second_bg.png":"style/img/second_bg.png","style/sass/antd.min.css":"style/sass/antd.min.css","style/sass/docs.scss":"style/sass/docs.scss","style/sass/help.scss":"style/sass/help.scss","style/sass/index.scss":"style/sass/index.scss","style/sass/notice.scss":"style/sass/notice.scss","style/sass/ttd.scss":"style/sass/ttd.scss","style/svg/delete.svg":"style/svg/delete.svg","style/svg/down_arrow.svg":"style/svg/down_arrow.svg","style/svg/notice.svg":"style/svg/notice.svg","style/svg/right_arrow.svg":"style/svg/right_arrow.svg","style/svg/search.svg":"style/svg/search.svg","style/svg/up_arrow.svg":"style/svg/up_arrow.svg","style/sass/common/page.scss":"style/sass/common/page.scss","style/sass/common/widget.scss":"style/sass/common/widget.scss","style/sass/tpl/_font.tpl":"style/sass/tpl/_font.tpl","style/sass/utils/_all.scss":"style/sass/utils/_all.scss","style/sass/utils/_color.scss":"style/sass/utils/_color.scss","style/sass/utils/_common.scss":"style/sass/utils/_common.scss","style/sass/utils/_flex.scss":"style/sass/utils/_flex.scss","style/sass/utils/_font.scss":"style/sass/utils/_font.scss","style/sass/utils/_icon.scss":"style/sass/utils/_icon.scss","style/sass/utils/_reset.scss":"style/sass/utils/_reset.scss","vendor.js":"js/vendor-db7a6f.js","vendor":"js/vendor-db7a6f.js","index.js":"js/index-8b1d09.js","index":"js/index-8b1d09.js","js/2-5ccfad.js":"js/2-5ccfad.js","js/2-5ccfad":"js/2-5ccfad.js","js/3-159dfe.js":"js/3-159dfe.js","js/3-159dfe":"js/3-159dfe.js","js/4-cf8241.js":"js/4-cf8241.js","js/4-cf8241":"js/4-cf8241.js","js/5-8ca36b.js":"js/5-8ca36b.js","js/5-8ca36b":"js/5-8ca36b.js","js/6-d96bee.js":"js/6-d96bee.js","js/6-d96bee":"js/6-d96bee.js","js/7-e6ae9a.js":"js/7-e6ae9a.js","js/7-e6ae9a":"js/7-e6ae9a.js","js/vendor-db7a6f.js.LICENSE.txt":"js/vendor-db7a6f.js.LICENSE.txt"},"clientIp":"103.200.23.68"}}
              window.__PUBLIC_PATH__ = 'https://ak-s-cw.tripcdn.com/modules/vacation/tour-opentrip-online'
              window.cargoContext = {"cookies":null,"queries":{"locale":"zh-cn"},"path":null,"contextSource":{"locale":"queryString","strictLocale":"","currency":"default","measurement":"","temperature":"","hourclock":"","country":""}}
            })()
          </script><script>
            (function() {
							try {
								window.__INITIAL_STATE__ = undefined
							} catch(error) {
								console.log('parse initial-state failed', error.stack)
							}
            })()
          </script><script src="https://ak-s-cw.tripcdn.com/modules/vacation/tour-opentrip-online/js/vendor-db7a6f.js"></script><script src="https://ak-s-cw.tripcdn.com/modules/vacation/tour-opentrip-online/js/index-8b1d09.js"></script><script>
              ; (function() {
                  window.__bfi = window.__bfi || [];
                  if (! (window.$_bf && window.$_bf.loaded || window.$LAB || window.CtripJsLoader)) {
                      var a = new Date,
                      b = !1,
                      c = "?v=" + a.getFullYear() + a.getMonth() + "_" + a.getDate(),
                      a = document.createElement("script");
                      a.type = "text/javascript";
                      a.charset = "utf-8";
                      a.async = !0;
                      try {
                          b = "https:" == location.protocol
                      } catch(d) {}
                      a.src = ((b ? "https:": "http:")) + "//webresource.tripcdn.com/ares2/sysdev/ubt/*/default/_bfa.min.js" + c;
                      b = document.getElementsByTagName("script")[0];
                      b.parentNode.insertBefore(a, b)
                  }
              })();
            </script></body></html>

[2025-06-26 21:49:21] URL: https://ttdopen.ctrip.com/api/PayPreOrderConfirm.do
Payload: {"header":{"accountId":"9a61dfc211eab470","serviceName":"PayPreOrderConfirm","requestTime":"2025-06-26 21:49:20","version":"1.0","sign":"1bfeab6e84be1365faf75ae656c0bb71"},"body":"mdoobfebjappcgfdjkdnlgjdcmgknfnjdamogodglhopmnhdegigiiklpnbabdmcdpiciimkbkfhadegpidejccdihdacnkjgggbmbodgfpbidnkkihkikkohmgnknifmhnckoamajlmaahgedkbpkghgicliidhecgdhdilaimmiphiakmpjeeehdpndfnodnohkgkdcnhpflgaikloddobikonooolblecemgakndfeamdbfkighfllljkbeaagicgjcmppjoebjaoaloddbgkdegfabmi"}
HTTP Code: 200
Response: <!DOCTYPE html><html><head><meta charSet="utf-8"/><meta http-equiv="X-UA-Compatible" content="IE=edge"/><meta name="author" content="Trip.com"/><meta name="viewport" content="width=device-width,initial-scale=1,maximum-scale=1,user-scalable=no"/><meta name="content-type" content="text/html; charset=UTF-8"/><title></title><meta name="description" content=""/><meta name="keywords" content=""/><link rel="shortcut icon" href="//ctrip.com/favicon.ico"/><link rel="stylesheet" type="text/css" href="https://ak-s-cw.tripcdn.com/modules/vacation/tour-opentrip-online/style/sass/antd.min.css"/><link rel="stylesheet" type="text/css" href="https://ak-s-cw.tripcdn.com/modules/vacation/tour-opentrip-online/style/style.1.1.70.1726044963894.css"/></head><body><div id="foo"></div><div id="root"></div><div id="bar"></div><div id="modal"></div><input type="hidden" id="page_id" value="wait"/><script>
            (function() {
              window.__APP_SETTINGS__ = {"type":"createHistory","basename":"","context":{"basename":"","publicPath":"https://ak-s-cw.tripcdn.com/modules/vacation/tour-opentrip-online","staticPath":"/static","restapi":"https://www.trip.com/restapi/soa2","env":"prod","appId":"100041145","h5Version":"1.1.70","preload":{},"assets":{"manifest.json":"manifest.json","commonTests/README.md":"commonTests/README.md","style/font.scss":"style/font.scss","style/import.css":"style/import.css","style/import.scss":"style/import.scss","style/style.1.1.70.1726044963894.css":"style/style.1.1.70.1726044963894.css","style/css/docs.1.1.70.1726044963894.css":"style/css/docs.1.1.70.1726044963894.css","style/css/help.1.1.70.1726044963894.css":"style/css/help.1.1.70.1726044963894.css","style/css/index.1.1.70.1726044963894.css":"style/css/index.1.1.70.1726044963894.css","style/css/notice.1.1.70.1726044963894.css":"style/css/notice.1.1.70.1726044963894.css","style/css/ttd.1.1.70.1726044963894.css":"style/css/ttd.1.1.70.1726044963894.css","style/assets/169c1b4002c5895b.ttf":"style/assets/169c1b4002c5895b.ttf","style/assets/1752deffbb28d68b.eot":"style/assets/1752deffbb28d68b.eot","style/assets/2b3851e16e88003d.svg":"style/assets/2b3851e16e88003d.svg","style/assets/2f12708aa8880959.woff":"style/assets/2f12708aa8880959.woff","style/assets/40c921c13890b8fc.svg":"style/assets/40c921c13890b8fc.svg","style/assets/4282a8f3ce4eea1f.ttf":"style/assets/4282a8f3ce4eea1f.ttf","style/assets/463c0fd6016631cb.svg":"style/assets/463c0fd6016631cb.svg","style/assets/4b5479aa64b4c8c4.png":"style/assets/4b5479aa64b4c8c4.png","style/assets/54b26ce01077d8ef.woff":"style/assets/54b26ce01077d8ef.woff","style/assets/7047ab7ba83cb6c0.eot":"style/assets/7047ab7ba83cb6c0.eot","style/assets/9a10b10dce021cb7.woff2":"style/assets/9a10b10dce021cb7.woff2","style/assets/bd6294ed4b1bc72d.ttf":"style/assets/bd6294ed4b1bc72d.ttf","style/assets/f2d78608ea2ae3a9.woff":"style/assets/f2d78608ea2ae3a9.woff","style/font/gico.eot":"style/font/gico.eot","style/font/gico.ttf":"style/font/gico.ttf","style/font/gico.woff":"style/font/gico.woff","style/img/404.png":"style/img/404.png","style/img/Trip.com_blue.png":"style/img/Trip.com_blue.png","style/img/Trip.com_white.png":"style/img/Trip.com_white.png","style/img/back_old_1.png":"style/img/back_old_1.png","style/img/back_old_2.png":"style/img/back_old_2.png","style/img/banner.jpg":"style/img/banner.jpg","style/img/help_docking.png":"style/img/help_docking.png","style/img/help_docking_active.png":"style/img/help_docking_active.png","style/img/help_order.png":"style/img/help_order.png","style/img/help_order_active.png":"style/img/help_order_active.png","style/img/help_other.png":"style/img/help_other.png","style/img/help_other_active.png":"style/img/help_other_active.png","style/img/help_process.png":"style/img/help_process.png","style/img/help_process_active.png":"style/img/help_process_active.png","style/img/help_safe.png":"style/img/help_safe.png","style/img/help_safe_active.png":"style/img/help_safe_active.png","style/img/help_sanbox.png":"style/img/help_sanbox.png","style/img/help_sanbox_active.png":"style/img/help_sanbox_active.png","style/img/index_advan_1.png":"style/img/index_advan_1.png","style/img/index_advan_2.png":"style/img/index_advan_2.png","style/img/index_advan_3.png":"style/img/index_advan_3.png","style/img/index_advan_4.png":"style/img/index_advan_4.png","style/img/index_advan_bg.png":"style/img/index_advan_bg.png","style/img/index_advan_icon.png":"style/img/index_advan_icon.png","style/img/index_banner.png":"style/img/index_banner.png","style/img/index_docking_1.png":"style/img/index_docking_1.png","style/img/index_docking_2.png":"style/img/index_docking_2.png","style/img/index_docking_bg.png":"style/img/index_docking_bg.png","style/img/index_play_1.png":"style/img/index_play_1.png","style/img/index_play_2.png":"style/img/index_play_2.png","style/img/index_process_1.png":"style/img/index_process_1.png","style/img/index_process_2.png":"style/img/index_process_2.png","style/img/index_process_3.png":"style/img/index_process_3.png","style/img/index_process_4.png":"style/img/index_process_4.png","style/img/index_resolve_bg.png":"style/img/index_resolve_bg.png","style/img/logo_cn.png":"style/img/logo_cn.png","style/img/logo_cn_ttd.png":"style/img/logo_cn_ttd.png","style/img/logo_en.png":"style/img/logo_en.png","style/img/logo_en_ttd.png":"style/img/logo_en_ttd.png","style/img/logo_footer_cn.png":"style/img/logo_footer_cn.png","style/img/logo_footer_cn_ttd.png":"style/img/logo_footer_cn_ttd.png","style/img/logo_footer_en.png":"style/img/logo_footer_en.png","style/img/logo_footer_en_ttd.png":"style/img/logo_footer_en_ttd.png","style/img/question_1.png":"style/img/question_1.png","style/img/question_2.png":"style/img/question_2.png","style/img/second_bg.png":"style/img/second_bg.png","style/sass/antd.min.css":"style/sass/antd.min.css","style/sass/docs.scss":"style/sass/docs.scss","style/sass/help.scss":"style/sass/help.scss","style/sass/index.scss":"style/sass/index.scss","style/sass/notice.scss":"style/sass/notice.scss","style/sass/ttd.scss":"style/sass/ttd.scss","style/svg/delete.svg":"style/svg/delete.svg","style/svg/down_arrow.svg":"style/svg/down_arrow.svg","style/svg/notice.svg":"style/svg/notice.svg","style/svg/right_arrow.svg":"style/svg/right_arrow.svg","style/svg/search.svg":"style/svg/search.svg","style/svg/up_arrow.svg":"style/svg/up_arrow.svg","style/sass/common/page.scss":"style/sass/common/page.scss","style/sass/common/widget.scss":"style/sass/common/widget.scss","style/sass/tpl/_font.tpl":"style/sass/tpl/_font.tpl","style/sass/utils/_all.scss":"style/sass/utils/_all.scss","style/sass/utils/_color.scss":"style/sass/utils/_color.scss","style/sass/utils/_common.scss":"style/sass/utils/_common.scss","style/sass/utils/_flex.scss":"style/sass/utils/_flex.scss","style/sass/utils/_font.scss":"style/sass/utils/_font.scss","style/sass/utils/_icon.scss":"style/sass/utils/_icon.scss","style/sass/utils/_reset.scss":"style/sass/utils/_reset.scss","vendor.js":"js/vendor-db7a6f.js","vendor":"js/vendor-db7a6f.js","index.js":"js/index-8b1d09.js","index":"js/index-8b1d09.js","js/2-5ccfad.js":"js/2-5ccfad.js","js/2-5ccfad":"js/2-5ccfad.js","js/3-159dfe.js":"js/3-159dfe.js","js/3-159dfe":"js/3-159dfe.js","js/4-cf8241.js":"js/4-cf8241.js","js/4-cf8241":"js/4-cf8241.js","js/5-8ca36b.js":"js/5-8ca36b.js","js/5-8ca36b":"js/5-8ca36b.js","js/6-d96bee.js":"js/6-d96bee.js","js/6-d96bee":"js/6-d96bee.js","js/7-e6ae9a.js":"js/7-e6ae9a.js","js/7-e6ae9a":"js/7-e6ae9a.js","js/vendor-db7a6f.js.LICENSE.txt":"js/vendor-db7a6f.js.LICENSE.txt"},"clientIp":"103.200.23.68"}}
              window.__PUBLIC_PATH__ = 'https://ak-s-cw.tripcdn.com/modules/vacation/tour-opentrip-online'
              window.cargoContext = {"cookies":null,"queries":{"locale":"zh-cn"},"path":null,"contextSource":{"locale":"queryString","strictLocale":"","currency":"default","measurement":"","temperature":"","hourclock":"","country":""}}
            })()
          </script><script>
            (function() {
							try {
								window.__INITIAL_STATE__ = undefined
							} catch(error) {
								console.log('parse initial-state failed', error.stack)
							}
            })()
          </script><script src="https://ak-s-cw.tripcdn.com/modules/vacation/tour-opentrip-online/js/vendor-db7a6f.js"></script><script src="https://ak-s-cw.tripcdn.com/modules/vacation/tour-opentrip-online/js/index-8b1d09.js"></script><script>
              ; (function() {
                  window.__bfi = window.__bfi || [];
                  if (! (window.$_bf && window.$_bf.loaded || window.$LAB || window.CtripJsLoader)) {
                      var a = new Date,
                      b = !1,
                      c = "?v=" + a.getFullYear() + a.getMonth() + "_" + a.getDate(),
                      a = document.createElement("script");
                      a.type = "text/javascript";
                      a.charset = "utf-8";
                      a.async = !0;
                      try {
                          b = "https:" == location.protocol
                      } catch(d) {}
                      a.src = ((b ? "https:": "http:")) + "//webresource.tripcdn.com/ares2/sysdev/ubt/*/default/_bfa.min.js" + c;
                      b = document.getElementsByTagName("script")[0];
                      b.parentNode.insertBefore(a, b)
                  }
              })();
            </script></body></html>

[2025-06-26 21:49:22] URL: https://ttdopen.ctrip.com/api/PayPreOrderConfirm.do
Payload: {"header":{"accountId":"9a61dfc211eab470","serviceName":"PayPreOrderConfirm","requestTime":"2025-06-26 21:49:21","version":"1.0","sign":"0b38f650e4d02f1080428fd36d89a55f"},"body":"mdoobfebjappcgfdjkdnlgjdcmgknfnjenfbcepmgeibbocljdonnjchfpfmnldkalhjcfmniodhddpchnioeinmfnpikhnaaocijokeibdklogbmlpeigmkkobpmohkhjgffcbnppmbpfbhjpaoplbfonbambgoelcnjpliamigbcclebcncejlaobaohhokbagepjnikdeabpedeekglabhcmeabppekpofkpolkjohaihchkodlbijcdianoplpdheadfkeameggdjbpcbedphfhdbpda"}
HTTP Code: 200
Response: <!DOCTYPE html><html><head><meta charSet="utf-8"/><meta http-equiv="X-UA-Compatible" content="IE=edge"/><meta name="author" content="Trip.com"/><meta name="viewport" content="width=device-width,initial-scale=1,maximum-scale=1,user-scalable=no"/><meta name="content-type" content="text/html; charset=UTF-8"/><title></title><meta name="description" content=""/><meta name="keywords" content=""/><link rel="shortcut icon" href="//ctrip.com/favicon.ico"/><link rel="stylesheet" type="text/css" href="https://ak-s-cw.tripcdn.com/modules/vacation/tour-opentrip-online/style/sass/antd.min.css"/><link rel="stylesheet" type="text/css" href="https://ak-s-cw.tripcdn.com/modules/vacation/tour-opentrip-online/style/style.1.1.70.1726044963894.css"/></head><body><div id="foo"></div><div id="root"></div><div id="bar"></div><div id="modal"></div><input type="hidden" id="page_id" value="wait"/><script>
            (function() {
              window.__APP_SETTINGS__ = {"type":"createHistory","basename":"","context":{"basename":"","publicPath":"https://ak-s-cw.tripcdn.com/modules/vacation/tour-opentrip-online","staticPath":"/static","restapi":"https://www.trip.com/restapi/soa2","env":"prod","appId":"100041145","h5Version":"1.1.70","preload":{},"assets":{"manifest.json":"manifest.json","commonTests/README.md":"commonTests/README.md","style/font.scss":"style/font.scss","style/import.css":"style/import.css","style/import.scss":"style/import.scss","style/style.1.1.70.1726044963894.css":"style/style.1.1.70.1726044963894.css","style/css/docs.1.1.70.1726044963894.css":"style/css/docs.1.1.70.1726044963894.css","style/css/help.1.1.70.1726044963894.css":"style/css/help.1.1.70.1726044963894.css","style/css/index.1.1.70.1726044963894.css":"style/css/index.1.1.70.1726044963894.css","style/css/notice.1.1.70.1726044963894.css":"style/css/notice.1.1.70.1726044963894.css","style/css/ttd.1.1.70.1726044963894.css":"style/css/ttd.1.1.70.1726044963894.css","style/assets/169c1b4002c5895b.ttf":"style/assets/169c1b4002c5895b.ttf","style/assets/1752deffbb28d68b.eot":"style/assets/1752deffbb28d68b.eot","style/assets/2b3851e16e88003d.svg":"style/assets/2b3851e16e88003d.svg","style/assets/2f12708aa8880959.woff":"style/assets/2f12708aa8880959.woff","style/assets/40c921c13890b8fc.svg":"style/assets/40c921c13890b8fc.svg","style/assets/4282a8f3ce4eea1f.ttf":"style/assets/4282a8f3ce4eea1f.ttf","style/assets/463c0fd6016631cb.svg":"style/assets/463c0fd6016631cb.svg","style/assets/4b5479aa64b4c8c4.png":"style/assets/4b5479aa64b4c8c4.png","style/assets/54b26ce01077d8ef.woff":"style/assets/54b26ce01077d8ef.woff","style/assets/7047ab7ba83cb6c0.eot":"style/assets/7047ab7ba83cb6c0.eot","style/assets/9a10b10dce021cb7.woff2":"style/assets/9a10b10dce021cb7.woff2","style/assets/bd6294ed4b1bc72d.ttf":"style/assets/bd6294ed4b1bc72d.ttf","style/assets/f2d78608ea2ae3a9.woff":"style/assets/f2d78608ea2ae3a9.woff","style/font/gico.eot":"style/font/gico.eot","style/font/gico.ttf":"style/font/gico.ttf","style/font/gico.woff":"style/font/gico.woff","style/img/404.png":"style/img/404.png","style/img/Trip.com_blue.png":"style/img/Trip.com_blue.png","style/img/Trip.com_white.png":"style/img/Trip.com_white.png","style/img/back_old_1.png":"style/img/back_old_1.png","style/img/back_old_2.png":"style/img/back_old_2.png","style/img/banner.jpg":"style/img/banner.jpg","style/img/help_docking.png":"style/img/help_docking.png","style/img/help_docking_active.png":"style/img/help_docking_active.png","style/img/help_order.png":"style/img/help_order.png","style/img/help_order_active.png":"style/img/help_order_active.png","style/img/help_other.png":"style/img/help_other.png","style/img/help_other_active.png":"style/img/help_other_active.png","style/img/help_process.png":"style/img/help_process.png","style/img/help_process_active.png":"style/img/help_process_active.png","style/img/help_safe.png":"style/img/help_safe.png","style/img/help_safe_active.png":"style/img/help_safe_active.png","style/img/help_sanbox.png":"style/img/help_sanbox.png","style/img/help_sanbox_active.png":"style/img/help_sanbox_active.png","style/img/index_advan_1.png":"style/img/index_advan_1.png","style/img/index_advan_2.png":"style/img/index_advan_2.png","style/img/index_advan_3.png":"style/img/index_advan_3.png","style/img/index_advan_4.png":"style/img/index_advan_4.png","style/img/index_advan_bg.png":"style/img/index_advan_bg.png","style/img/index_advan_icon.png":"style/img/index_advan_icon.png","style/img/index_banner.png":"style/img/index_banner.png","style/img/index_docking_1.png":"style/img/index_docking_1.png","style/img/index_docking_2.png":"style/img/index_docking_2.png","style/img/index_docking_bg.png":"style/img/index_docking_bg.png","style/img/index_play_1.png":"style/img/index_play_1.png","style/img/index_play_2.png":"style/img/index_play_2.png","style/img/index_process_1.png":"style/img/index_process_1.png","style/img/index_process_2.png":"style/img/index_process_2.png","style/img/index_process_3.png":"style/img/index_process_3.png","style/img/index_process_4.png":"style/img/index_process_4.png","style/img/index_resolve_bg.png":"style/img/index_resolve_bg.png","style/img/logo_cn.png":"style/img/logo_cn.png","style/img/logo_cn_ttd.png":"style/img/logo_cn_ttd.png","style/img/logo_en.png":"style/img/logo_en.png","style/img/logo_en_ttd.png":"style/img/logo_en_ttd.png","style/img/logo_footer_cn.png":"style/img/logo_footer_cn.png","style/img/logo_footer_cn_ttd.png":"style/img/logo_footer_cn_ttd.png","style/img/logo_footer_en.png":"style/img/logo_footer_en.png","style/img/logo_footer_en_ttd.png":"style/img/logo_footer_en_ttd.png","style/img/question_1.png":"style/img/question_1.png","style/img/question_2.png":"style/img/question_2.png","style/img/second_bg.png":"style/img/second_bg.png","style/sass/antd.min.css":"style/sass/antd.min.css","style/sass/docs.scss":"style/sass/docs.scss","style/sass/help.scss":"style/sass/help.scss","style/sass/index.scss":"style/sass/index.scss","style/sass/notice.scss":"style/sass/notice.scss","style/sass/ttd.scss":"style/sass/ttd.scss","style/svg/delete.svg":"style/svg/delete.svg","style/svg/down_arrow.svg":"style/svg/down_arrow.svg","style/svg/notice.svg":"style/svg/notice.svg","style/svg/right_arrow.svg":"style/svg/right_arrow.svg","style/svg/search.svg":"style/svg/search.svg","style/svg/up_arrow.svg":"style/svg/up_arrow.svg","style/sass/common/page.scss":"style/sass/common/page.scss","style/sass/common/widget.scss":"style/sass/common/widget.scss","style/sass/tpl/_font.tpl":"style/sass/tpl/_font.tpl","style/sass/utils/_all.scss":"style/sass/utils/_all.scss","style/sass/utils/_color.scss":"style/sass/utils/_color.scss","style/sass/utils/_common.scss":"style/sass/utils/_common.scss","style/sass/utils/_flex.scss":"style/sass/utils/_flex.scss","style/sass/utils/_font.scss":"style/sass/utils/_font.scss","style/sass/utils/_icon.scss":"style/sass/utils/_icon.scss","style/sass/utils/_reset.scss":"style/sass/utils/_reset.scss","vendor.js":"js/vendor-db7a6f.js","vendor":"js/vendor-db7a6f.js","index.js":"js/index-8b1d09.js","index":"js/index-8b1d09.js","js/2-5ccfad.js":"js/2-5ccfad.js","js/2-5ccfad":"js/2-5ccfad.js","js/3-159dfe.js":"js/3-159dfe.js","js/3-159dfe":"js/3-159dfe.js","js/4-cf8241.js":"js/4-cf8241.js","js/4-cf8241":"js/4-cf8241.js","js/5-8ca36b.js":"js/5-8ca36b.js","js/5-8ca36b":"js/5-8ca36b.js","js/6-d96bee.js":"js/6-d96bee.js","js/6-d96bee":"js/6-d96bee.js","js/7-e6ae9a.js":"js/7-e6ae9a.js","js/7-e6ae9a":"js/7-e6ae9a.js","js/vendor-db7a6f.js.LICENSE.txt":"js/vendor-db7a6f.js.LICENSE.txt"},"clientIp":"103.200.23.68"}}
              window.__PUBLIC_PATH__ = 'https://ak-s-cw.tripcdn.com/modules/vacation/tour-opentrip-online'
              window.cargoContext = {"cookies":null,"queries":{"locale":"zh-cn"},"path":null,"contextSource":{"locale":"queryString","strictLocale":"","currency":"default","measurement":"","temperature":"","hourclock":"","country":""}}
            })()
          </script><script>
            (function() {
							try {
								window.__INITIAL_STATE__ = undefined
							} catch(error) {
								console.log('parse initial-state failed', error.stack)
							}
            })()
          </script><script src="https://ak-s-cw.tripcdn.com/modules/vacation/tour-opentrip-online/js/vendor-db7a6f.js"></script><script src="https://ak-s-cw.tripcdn.com/modules/vacation/tour-opentrip-online/js/index-8b1d09.js"></script><script>
              ; (function() {
                  window.__bfi = window.__bfi || [];
                  if (! (window.$_bf && window.$_bf.loaded || window.$LAB || window.CtripJsLoader)) {
                      var a = new Date,
                      b = !1,
                      c = "?v=" + a.getFullYear() + a.getMonth() + "_" + a.getDate(),
                      a = document.createElement("script");
                      a.type = "text/javascript";
                      a.charset = "utf-8";
                      a.async = !0;
                      try {
                          b = "https:" == location.protocol
                      } catch(d) {}
                      a.src = ((b ? "https:": "http:")) + "//webresource.tripcdn.com/ares2/sysdev/ubt/*/default/_bfa.min.js" + c;
                      b = document.getElementsByTagName("script")[0];
                      b.parentNode.insertBefore(a, b)
                  }
              })();
            </script></body></html>

[2025-06-26 21:49:27] URL: https://ttdopen.ctrip.com/api/PayPreOrderConfirm.do
Payload: {"header":{"accountId":"9a61dfc211eab470","serviceName":"PayPreOrderConfirm","requestTime":"2025-06-26 21:49:26","version":"1.0","sign":"84646f0a438fe210628d597337d07847"},"body":"mdoobfebjappcgfdjkdnlgjdcmgknfnjjpcjmofijbcfmiphobcpkbiekelmolpkkjinfeegblpeljgmoipbhmnggabakimbgdnhnebkbcflmfcbonefopnhlhjejjjhnndkfeeljdchocjekfapjgklmkdfcmpnnabiggbcjadhbdemabcnmoomfnhmamgplofocklkobkdefhncfkaknlikjdgffbdbmbnebmboefcjmlchonlniidalihflddnhadfpiihjjkjoffobcodphpgkmoopbo"}
HTTP Code: 200
Response: <!DOCTYPE html><html><head><meta charSet="utf-8"/><meta http-equiv="X-UA-Compatible" content="IE=edge"/><meta name="author" content="Trip.com"/><meta name="viewport" content="width=device-width,initial-scale=1,maximum-scale=1,user-scalable=no"/><meta name="content-type" content="text/html; charset=UTF-8"/><title></title><meta name="description" content=""/><meta name="keywords" content=""/><link rel="shortcut icon" href="//ctrip.com/favicon.ico"/><link rel="stylesheet" type="text/css" href="https://ak-s-cw.tripcdn.com/modules/vacation/tour-opentrip-online/style/sass/antd.min.css"/><link rel="stylesheet" type="text/css" href="https://ak-s-cw.tripcdn.com/modules/vacation/tour-opentrip-online/style/style.1.1.70.1726044963894.css"/></head><body><div id="foo"></div><div id="root"></div><div id="bar"></div><div id="modal"></div><input type="hidden" id="page_id" value="wait"/><script>
            (function() {
              window.__APP_SETTINGS__ = {"type":"createHistory","basename":"","context":{"basename":"","publicPath":"https://ak-s-cw.tripcdn.com/modules/vacation/tour-opentrip-online","staticPath":"/static","restapi":"https://www.trip.com/restapi/soa2","env":"prod","appId":"100041145","h5Version":"1.1.70","preload":{},"assets":{"manifest.json":"manifest.json","commonTests/README.md":"commonTests/README.md","style/font.scss":"style/font.scss","style/import.css":"style/import.css","style/import.scss":"style/import.scss","style/style.1.1.70.1726044963894.css":"style/style.1.1.70.1726044963894.css","style/css/docs.1.1.70.1726044963894.css":"style/css/docs.1.1.70.1726044963894.css","style/css/help.1.1.70.1726044963894.css":"style/css/help.1.1.70.1726044963894.css","style/css/index.1.1.70.1726044963894.css":"style/css/index.1.1.70.1726044963894.css","style/css/notice.1.1.70.1726044963894.css":"style/css/notice.1.1.70.1726044963894.css","style/css/ttd.1.1.70.1726044963894.css":"style/css/ttd.1.1.70.1726044963894.css","style/assets/169c1b4002c5895b.ttf":"style/assets/169c1b4002c5895b.ttf","style/assets/1752deffbb28d68b.eot":"style/assets/1752deffbb28d68b.eot","style/assets/2b3851e16e88003d.svg":"style/assets/2b3851e16e88003d.svg","style/assets/2f12708aa8880959.woff":"style/assets/2f12708aa8880959.woff","style/assets/40c921c13890b8fc.svg":"style/assets/40c921c13890b8fc.svg","style/assets/4282a8f3ce4eea1f.ttf":"style/assets/4282a8f3ce4eea1f.ttf","style/assets/463c0fd6016631cb.svg":"style/assets/463c0fd6016631cb.svg","style/assets/4b5479aa64b4c8c4.png":"style/assets/4b5479aa64b4c8c4.png","style/assets/54b26ce01077d8ef.woff":"style/assets/54b26ce01077d8ef.woff","style/assets/7047ab7ba83cb6c0.eot":"style/assets/7047ab7ba83cb6c0.eot","style/assets/9a10b10dce021cb7.woff2":"style/assets/9a10b10dce021cb7.woff2","style/assets/bd6294ed4b1bc72d.ttf":"style/assets/bd6294ed4b1bc72d.ttf","style/assets/f2d78608ea2ae3a9.woff":"style/assets/f2d78608ea2ae3a9.woff","style/font/gico.eot":"style/font/gico.eot","style/font/gico.ttf":"style/font/gico.ttf","style/font/gico.woff":"style/font/gico.woff","style/img/404.png":"style/img/404.png","style/img/Trip.com_blue.png":"style/img/Trip.com_blue.png","style/img/Trip.com_white.png":"style/img/Trip.com_white.png","style/img/back_old_1.png":"style/img/back_old_1.png","style/img/back_old_2.png":"style/img/back_old_2.png","style/img/banner.jpg":"style/img/banner.jpg","style/img/help_docking.png":"style/img/help_docking.png","style/img/help_docking_active.png":"style/img/help_docking_active.png","style/img/help_order.png":"style/img/help_order.png","style/img/help_order_active.png":"style/img/help_order_active.png","style/img/help_other.png":"style/img/help_other.png","style/img/help_other_active.png":"style/img/help_other_active.png","style/img/help_process.png":"style/img/help_process.png","style/img/help_process_active.png":"style/img/help_process_active.png","style/img/help_safe.png":"style/img/help_safe.png","style/img/help_safe_active.png":"style/img/help_safe_active.png","style/img/help_sanbox.png":"style/img/help_sanbox.png","style/img/help_sanbox_active.png":"style/img/help_sanbox_active.png","style/img/index_advan_1.png":"style/img/index_advan_1.png","style/img/index_advan_2.png":"style/img/index_advan_2.png","style/img/index_advan_3.png":"style/img/index_advan_3.png","style/img/index_advan_4.png":"style/img/index_advan_4.png","style/img/index_advan_bg.png":"style/img/index_advan_bg.png","style/img/index_advan_icon.png":"style/img/index_advan_icon.png","style/img/index_banner.png":"style/img/index_banner.png","style/img/index_docking_1.png":"style/img/index_docking_1.png","style/img/index_docking_2.png":"style/img/index_docking_2.png","style/img/index_docking_bg.png":"style/img/index_docking_bg.png","style/img/index_play_1.png":"style/img/index_play_1.png","style/img/index_play_2.png":"style/img/index_play_2.png","style/img/index_process_1.png":"style/img/index_process_1.png","style/img/index_process_2.png":"style/img/index_process_2.png","style/img/index_process_3.png":"style/img/index_process_3.png","style/img/index_process_4.png":"style/img/index_process_4.png","style/img/index_resolve_bg.png":"style/img/index_resolve_bg.png","style/img/logo_cn.png":"style/img/logo_cn.png","style/img/logo_cn_ttd.png":"style/img/logo_cn_ttd.png","style/img/logo_en.png":"style/img/logo_en.png","style/img/logo_en_ttd.png":"style/img/logo_en_ttd.png","style/img/logo_footer_cn.png":"style/img/logo_footer_cn.png","style/img/logo_footer_cn_ttd.png":"style/img/logo_footer_cn_ttd.png","style/img/logo_footer_en.png":"style/img/logo_footer_en.png","style/img/logo_footer_en_ttd.png":"style/img/logo_footer_en_ttd.png","style/img/question_1.png":"style/img/question_1.png","style/img/question_2.png":"style/img/question_2.png","style/img/second_bg.png":"style/img/second_bg.png","style/sass/antd.min.css":"style/sass/antd.min.css","style/sass/docs.scss":"style/sass/docs.scss","style/sass/help.scss":"style/sass/help.scss","style/sass/index.scss":"style/sass/index.scss","style/sass/notice.scss":"style/sass/notice.scss","style/sass/ttd.scss":"style/sass/ttd.scss","style/svg/delete.svg":"style/svg/delete.svg","style/svg/down_arrow.svg":"style/svg/down_arrow.svg","style/svg/notice.svg":"style/svg/notice.svg","style/svg/right_arrow.svg":"style/svg/right_arrow.svg","style/svg/search.svg":"style/svg/search.svg","style/svg/up_arrow.svg":"style/svg/up_arrow.svg","style/sass/common/page.scss":"style/sass/common/page.scss","style/sass/common/widget.scss":"style/sass/common/widget.scss","style/sass/tpl/_font.tpl":"style/sass/tpl/_font.tpl","style/sass/utils/_all.scss":"style/sass/utils/_all.scss","style/sass/utils/_color.scss":"style/sass/utils/_color.scss","style/sass/utils/_common.scss":"style/sass/utils/_common.scss","style/sass/utils/_flex.scss":"style/sass/utils/_flex.scss","style/sass/utils/_font.scss":"style/sass/utils/_font.scss","style/sass/utils/_icon.scss":"style/sass/utils/_icon.scss","style/sass/utils/_reset.scss":"style/sass/utils/_reset.scss","vendor.js":"js/vendor-db7a6f.js","vendor":"js/vendor-db7a6f.js","index.js":"js/index-8b1d09.js","index":"js/index-8b1d09.js","js/2-5ccfad.js":"js/2-5ccfad.js","js/2-5ccfad":"js/2-5ccfad.js","js/3-159dfe.js":"js/3-159dfe.js","js/3-159dfe":"js/3-159dfe.js","js/4-cf8241.js":"js/4-cf8241.js","js/4-cf8241":"js/4-cf8241.js","js/5-8ca36b.js":"js/5-8ca36b.js","js/5-8ca36b":"js/5-8ca36b.js","js/6-d96bee.js":"js/6-d96bee.js","js/6-d96bee":"js/6-d96bee.js","js/7-e6ae9a.js":"js/7-e6ae9a.js","js/7-e6ae9a":"js/7-e6ae9a.js","js/vendor-db7a6f.js.LICENSE.txt":"js/vendor-db7a6f.js.LICENSE.txt"},"clientIp":"103.200.23.68"}}
              window.__PUBLIC_PATH__ = 'https://ak-s-cw.tripcdn.com/modules/vacation/tour-opentrip-online'
              window.cargoContext = {"cookies":null,"queries":{"locale":"zh-cn"},"path":null,"contextSource":{"locale":"queryString","strictLocale":"","currency":"default","measurement":"","temperature":"","hourclock":"","country":""}}
            })()
          </script><script>
            (function() {
							try {
								window.__INITIAL_STATE__ = undefined
							} catch(error) {
								console.log('parse initial-state failed', error.stack)
							}
            })()
          </script><script src="https://ak-s-cw.tripcdn.com/modules/vacation/tour-opentrip-online/js/vendor-db7a6f.js"></script><script src="https://ak-s-cw.tripcdn.com/modules/vacation/tour-opentrip-online/js/index-8b1d09.js"></script><script>
              ; (function() {
                  window.__bfi = window.__bfi || [];
                  if (! (window.$_bf && window.$_bf.loaded || window.$LAB || window.CtripJsLoader)) {
                      var a = new Date,
                      b = !1,
                      c = "?v=" + a.getFullYear() + a.getMonth() + "_" + a.getDate(),
                      a = document.createElement("script");
                      a.type = "text/javascript";
                      a.charset = "utf-8";
                      a.async = !0;
                      try {
                          b = "https:" == location.protocol
                      } catch(d) {}
                      a.src = ((b ? "https:": "http:")) + "//webresource.tripcdn.com/ares2/sysdev/ubt/*/default/_bfa.min.js" + c;
                      b = document.getElementsByTagName("script")[0];
                      b.parentNode.insertBefore(a, b)
                  }
              })();
            </script></body></html>

[2025-06-26 21:55:41] URL: https://ttdopen.ctrip.com/api/PayPreOrderConfirm.do
Payload: {"header":{"accountId":"9a61dfc211eab470","serviceName":"PayPreOrderConfirm","requestTime":"2025-06-26 21:55:40","version":"1.0","sign":"d0e3fe43a571edd6021f4beb133778df"},"body":"mdoobfebjappcgfdjkdnlgjdcmgknfnjgcdekododpdobhpkabdcdmphfnlkgeeloeaciiefkeedbijlpihoolkngimbppgmlcmmlldbndgojpcaahclkidbokokijechmboachcocnahplhdomokofpiceifegcffgomafmgkaobhcpkhgpemkagcfhhanlfkgokcimlcejjleoepmacblihlijknpdcphjbnheamnboenieailjngppbgimfgdpejdbdhfpapmjllcdaidkeknopabenpi"}
HTTP Code: 200
Response: <!DOCTYPE html><html><head><meta charSet="utf-8"/><meta http-equiv="X-UA-Compatible" content="IE=edge"/><meta name="author" content="Trip.com"/><meta name="viewport" content="width=device-width,initial-scale=1,maximum-scale=1,user-scalable=no"/><meta name="content-type" content="text/html; charset=UTF-8"/><title></title><meta name="description" content=""/><meta name="keywords" content=""/><link rel="shortcut icon" href="//ctrip.com/favicon.ico"/><link rel="stylesheet" type="text/css" href="https://ak-s-cw.tripcdn.com/modules/vacation/tour-opentrip-online/style/sass/antd.min.css"/><link rel="stylesheet" type="text/css" href="https://ak-s-cw.tripcdn.com/modules/vacation/tour-opentrip-online/style/style.1.1.70.1726044963894.css"/></head><body><div id="foo"></div><div id="root"></div><div id="bar"></div><div id="modal"></div><input type="hidden" id="page_id" value="wait"/><script>
            (function() {
              window.__APP_SETTINGS__ = {"type":"createHistory","basename":"","context":{"basename":"","publicPath":"https://ak-s-cw.tripcdn.com/modules/vacation/tour-opentrip-online","staticPath":"/static","restapi":"https://www.trip.com/restapi/soa2","env":"prod","appId":"100041145","h5Version":"1.1.70","preload":{},"assets":{"manifest.json":"manifest.json","commonTests/README.md":"commonTests/README.md","style/font.scss":"style/font.scss","style/import.css":"style/import.css","style/import.scss":"style/import.scss","style/style.1.1.70.1726044963894.css":"style/style.1.1.70.1726044963894.css","style/css/docs.1.1.70.1726044963894.css":"style/css/docs.1.1.70.1726044963894.css","style/css/help.1.1.70.1726044963894.css":"style/css/help.1.1.70.1726044963894.css","style/css/index.1.1.70.1726044963894.css":"style/css/index.1.1.70.1726044963894.css","style/css/notice.1.1.70.1726044963894.css":"style/css/notice.1.1.70.1726044963894.css","style/css/ttd.1.1.70.1726044963894.css":"style/css/ttd.1.1.70.1726044963894.css","style/assets/169c1b4002c5895b.ttf":"style/assets/169c1b4002c5895b.ttf","style/assets/1752deffbb28d68b.eot":"style/assets/1752deffbb28d68b.eot","style/assets/2b3851e16e88003d.svg":"style/assets/2b3851e16e88003d.svg","style/assets/2f12708aa8880959.woff":"style/assets/2f12708aa8880959.woff","style/assets/40c921c13890b8fc.svg":"style/assets/40c921c13890b8fc.svg","style/assets/4282a8f3ce4eea1f.ttf":"style/assets/4282a8f3ce4eea1f.ttf","style/assets/463c0fd6016631cb.svg":"style/assets/463c0fd6016631cb.svg","style/assets/4b5479aa64b4c8c4.png":"style/assets/4b5479aa64b4c8c4.png","style/assets/54b26ce01077d8ef.woff":"style/assets/54b26ce01077d8ef.woff","style/assets/7047ab7ba83cb6c0.eot":"style/assets/7047ab7ba83cb6c0.eot","style/assets/9a10b10dce021cb7.woff2":"style/assets/9a10b10dce021cb7.woff2","style/assets/bd6294ed4b1bc72d.ttf":"style/assets/bd6294ed4b1bc72d.ttf","style/assets/f2d78608ea2ae3a9.woff":"style/assets/f2d78608ea2ae3a9.woff","style/font/gico.eot":"style/font/gico.eot","style/font/gico.ttf":"style/font/gico.ttf","style/font/gico.woff":"style/font/gico.woff","style/img/404.png":"style/img/404.png","style/img/Trip.com_blue.png":"style/img/Trip.com_blue.png","style/img/Trip.com_white.png":"style/img/Trip.com_white.png","style/img/back_old_1.png":"style/img/back_old_1.png","style/img/back_old_2.png":"style/img/back_old_2.png","style/img/banner.jpg":"style/img/banner.jpg","style/img/help_docking.png":"style/img/help_docking.png","style/img/help_docking_active.png":"style/img/help_docking_active.png","style/img/help_order.png":"style/img/help_order.png","style/img/help_order_active.png":"style/img/help_order_active.png","style/img/help_other.png":"style/img/help_other.png","style/img/help_other_active.png":"style/img/help_other_active.png","style/img/help_process.png":"style/img/help_process.png","style/img/help_process_active.png":"style/img/help_process_active.png","style/img/help_safe.png":"style/img/help_safe.png","style/img/help_safe_active.png":"style/img/help_safe_active.png","style/img/help_sanbox.png":"style/img/help_sanbox.png","style/img/help_sanbox_active.png":"style/img/help_sanbox_active.png","style/img/index_advan_1.png":"style/img/index_advan_1.png","style/img/index_advan_2.png":"style/img/index_advan_2.png","style/img/index_advan_3.png":"style/img/index_advan_3.png","style/img/index_advan_4.png":"style/img/index_advan_4.png","style/img/index_advan_bg.png":"style/img/index_advan_bg.png","style/img/index_advan_icon.png":"style/img/index_advan_icon.png","style/img/index_banner.png":"style/img/index_banner.png","style/img/index_docking_1.png":"style/img/index_docking_1.png","style/img/index_docking_2.png":"style/img/index_docking_2.png","style/img/index_docking_bg.png":"style/img/index_docking_bg.png","style/img/index_play_1.png":"style/img/index_play_1.png","style/img/index_play_2.png":"style/img/index_play_2.png","style/img/index_process_1.png":"style/img/index_process_1.png","style/img/index_process_2.png":"style/img/index_process_2.png","style/img/index_process_3.png":"style/img/index_process_3.png","style/img/index_process_4.png":"style/img/index_process_4.png","style/img/index_resolve_bg.png":"style/img/index_resolve_bg.png","style/img/logo_cn.png":"style/img/logo_cn.png","style/img/logo_cn_ttd.png":"style/img/logo_cn_ttd.png","style/img/logo_en.png":"style/img/logo_en.png","style/img/logo_en_ttd.png":"style/img/logo_en_ttd.png","style/img/logo_footer_cn.png":"style/img/logo_footer_cn.png","style/img/logo_footer_cn_ttd.png":"style/img/logo_footer_cn_ttd.png","style/img/logo_footer_en.png":"style/img/logo_footer_en.png","style/img/logo_footer_en_ttd.png":"style/img/logo_footer_en_ttd.png","style/img/question_1.png":"style/img/question_1.png","style/img/question_2.png":"style/img/question_2.png","style/img/second_bg.png":"style/img/second_bg.png","style/sass/antd.min.css":"style/sass/antd.min.css","style/sass/docs.scss":"style/sass/docs.scss","style/sass/help.scss":"style/sass/help.scss","style/sass/index.scss":"style/sass/index.scss","style/sass/notice.scss":"style/sass/notice.scss","style/sass/ttd.scss":"style/sass/ttd.scss","style/svg/delete.svg":"style/svg/delete.svg","style/svg/down_arrow.svg":"style/svg/down_arrow.svg","style/svg/notice.svg":"style/svg/notice.svg","style/svg/right_arrow.svg":"style/svg/right_arrow.svg","style/svg/search.svg":"style/svg/search.svg","style/svg/up_arrow.svg":"style/svg/up_arrow.svg","style/sass/common/page.scss":"style/sass/common/page.scss","style/sass/common/widget.scss":"style/sass/common/widget.scss","style/sass/tpl/_font.tpl":"style/sass/tpl/_font.tpl","style/sass/utils/_all.scss":"style/sass/utils/_all.scss","style/sass/utils/_color.scss":"style/sass/utils/_color.scss","style/sass/utils/_common.scss":"style/sass/utils/_common.scss","style/sass/utils/_flex.scss":"style/sass/utils/_flex.scss","style/sass/utils/_font.scss":"style/sass/utils/_font.scss","style/sass/utils/_icon.scss":"style/sass/utils/_icon.scss","style/sass/utils/_reset.scss":"style/sass/utils/_reset.scss","vendor.js":"js/vendor-db7a6f.js","vendor":"js/vendor-db7a6f.js","index.js":"js/index-8b1d09.js","index":"js/index-8b1d09.js","js/2-5ccfad.js":"js/2-5ccfad.js","js/2-5ccfad":"js/2-5ccfad.js","js/3-159dfe.js":"js/3-159dfe.js","js/3-159dfe":"js/3-159dfe.js","js/4-cf8241.js":"js/4-cf8241.js","js/4-cf8241":"js/4-cf8241.js","js/5-8ca36b.js":"js/5-8ca36b.js","js/5-8ca36b":"js/5-8ca36b.js","js/6-d96bee.js":"js/6-d96bee.js","js/6-d96bee":"js/6-d96bee.js","js/7-e6ae9a.js":"js/7-e6ae9a.js","js/7-e6ae9a":"js/7-e6ae9a.js","js/vendor-db7a6f.js.LICENSE.txt":"js/vendor-db7a6f.js.LICENSE.txt"},"clientIp":"103.200.23.68"}}
              window.__PUBLIC_PATH__ = 'https://ak-s-cw.tripcdn.com/modules/vacation/tour-opentrip-online'
              window.cargoContext = {"cookies":null,"queries":{"locale":"zh-cn"},"path":null,"contextSource":{"locale":"queryString","strictLocale":"","currency":"default","measurement":"","temperature":"","hourclock":"","country":""}}
            })()
          </script><script>
            (function() {
							try {
								window.__INITIAL_STATE__ = undefined
							} catch(error) {
								console.log('parse initial-state failed', error.stack)
							}
            })()
          </script><script src="https://ak-s-cw.tripcdn.com/modules/vacation/tour-opentrip-online/js/vendor-db7a6f.js"></script><script src="https://ak-s-cw.tripcdn.com/modules/vacation/tour-opentrip-online/js/index-8b1d09.js"></script><script>
              ; (function() {
                  window.__bfi = window.__bfi || [];
                  if (! (window.$_bf && window.$_bf.loaded || window.$LAB || window.CtripJsLoader)) {
                      var a = new Date,
                      b = !1,
                      c = "?v=" + a.getFullYear() + a.getMonth() + "_" + a.getDate(),
                      a = document.createElement("script");
                      a.type = "text/javascript";
                      a.charset = "utf-8";
                      a.async = !0;
                      try {
                          b = "https:" == location.protocol
                      } catch(d) {}
                      a.src = ((b ? "https:": "http:")) + "//webresource.tripcdn.com/ares2/sysdev/ubt/*/default/_bfa.min.js" + c;
                      b = document.getElementsByTagName("script")[0];
                      b.parentNode.insertBefore(a, b)
                  }
              })();
            </script></body></html>

[2025-06-26 21:55:41] URL: https://ttdopen.ctrip.com/api/PayPreOrderConfirm.do
Payload: {"header":{"accountId":"9a61dfc211eab470","serviceName":"PayPreOrderConfirm","requestTime":"2025-06-26 21:55:41","version":"1.0","sign":"afe50baeb7ae9723dae2e2b36c51edf3"},"body":"mdoobfebjappcgfdjkdnlgjdcmgknfnjcjbbnjlienhmjefkgilohkkihniepadgnpfdgblemkbknnbacmkicelhkgahpbaicbjhemgkollnmhdphfebkkgapfdafdakdacgglmdffigcodlgodggllemnikanjmnidnlpchmihldekiomkgfhhbpmopaolnhpngbekneeoghclgejfdoopkbhlfmheeicdopdmphfbmhgliifeoomagnnlfagmioncchgaagoepfbpgcfloblfopjfgdace"}
HTTP Code: 200
Response: <!DOCTYPE html><html><head><meta charSet="utf-8"/><meta http-equiv="X-UA-Compatible" content="IE=edge"/><meta name="author" content="Trip.com"/><meta name="viewport" content="width=device-width,initial-scale=1,maximum-scale=1,user-scalable=no"/><meta name="content-type" content="text/html; charset=UTF-8"/><title></title><meta name="description" content=""/><meta name="keywords" content=""/><link rel="shortcut icon" href="//ctrip.com/favicon.ico"/><link rel="stylesheet" type="text/css" href="https://ak-s-cw.tripcdn.com/modules/vacation/tour-opentrip-online/style/sass/antd.min.css"/><link rel="stylesheet" type="text/css" href="https://ak-s-cw.tripcdn.com/modules/vacation/tour-opentrip-online/style/style.1.1.70.1726044963894.css"/></head><body><div id="foo"></div><div id="root"></div><div id="bar"></div><div id="modal"></div><input type="hidden" id="page_id" value="wait"/><script>
            (function() {
              window.__APP_SETTINGS__ = {"type":"createHistory","basename":"","context":{"basename":"","publicPath":"https://ak-s-cw.tripcdn.com/modules/vacation/tour-opentrip-online","staticPath":"/static","restapi":"https://www.trip.com/restapi/soa2","env":"prod","appId":"100041145","h5Version":"1.1.70","preload":{},"assets":{"manifest.json":"manifest.json","commonTests/README.md":"commonTests/README.md","style/font.scss":"style/font.scss","style/import.css":"style/import.css","style/import.scss":"style/import.scss","style/style.1.1.70.1726044963894.css":"style/style.1.1.70.1726044963894.css","style/css/docs.1.1.70.1726044963894.css":"style/css/docs.1.1.70.1726044963894.css","style/css/help.1.1.70.1726044963894.css":"style/css/help.1.1.70.1726044963894.css","style/css/index.1.1.70.1726044963894.css":"style/css/index.1.1.70.1726044963894.css","style/css/notice.1.1.70.1726044963894.css":"style/css/notice.1.1.70.1726044963894.css","style/css/ttd.1.1.70.1726044963894.css":"style/css/ttd.1.1.70.1726044963894.css","style/assets/169c1b4002c5895b.ttf":"style/assets/169c1b4002c5895b.ttf","style/assets/1752deffbb28d68b.eot":"style/assets/1752deffbb28d68b.eot","style/assets/2b3851e16e88003d.svg":"style/assets/2b3851e16e88003d.svg","style/assets/2f12708aa8880959.woff":"style/assets/2f12708aa8880959.woff","style/assets/40c921c13890b8fc.svg":"style/assets/40c921c13890b8fc.svg","style/assets/4282a8f3ce4eea1f.ttf":"style/assets/4282a8f3ce4eea1f.ttf","style/assets/463c0fd6016631cb.svg":"style/assets/463c0fd6016631cb.svg","style/assets/4b5479aa64b4c8c4.png":"style/assets/4b5479aa64b4c8c4.png","style/assets/54b26ce01077d8ef.woff":"style/assets/54b26ce01077d8ef.woff","style/assets/7047ab7ba83cb6c0.eot":"style/assets/7047ab7ba83cb6c0.eot","style/assets/9a10b10dce021cb7.woff2":"style/assets/9a10b10dce021cb7.woff2","style/assets/bd6294ed4b1bc72d.ttf":"style/assets/bd6294ed4b1bc72d.ttf","style/assets/f2d78608ea2ae3a9.woff":"style/assets/f2d78608ea2ae3a9.woff","style/font/gico.eot":"style/font/gico.eot","style/font/gico.ttf":"style/font/gico.ttf","style/font/gico.woff":"style/font/gico.woff","style/img/404.png":"style/img/404.png","style/img/Trip.com_blue.png":"style/img/Trip.com_blue.png","style/img/Trip.com_white.png":"style/img/Trip.com_white.png","style/img/back_old_1.png":"style/img/back_old_1.png","style/img/back_old_2.png":"style/img/back_old_2.png","style/img/banner.jpg":"style/img/banner.jpg","style/img/help_docking.png":"style/img/help_docking.png","style/img/help_docking_active.png":"style/img/help_docking_active.png","style/img/help_order.png":"style/img/help_order.png","style/img/help_order_active.png":"style/img/help_order_active.png","style/img/help_other.png":"style/img/help_other.png","style/img/help_other_active.png":"style/img/help_other_active.png","style/img/help_process.png":"style/img/help_process.png","style/img/help_process_active.png":"style/img/help_process_active.png","style/img/help_safe.png":"style/img/help_safe.png","style/img/help_safe_active.png":"style/img/help_safe_active.png","style/img/help_sanbox.png":"style/img/help_sanbox.png","style/img/help_sanbox_active.png":"style/img/help_sanbox_active.png","style/img/index_advan_1.png":"style/img/index_advan_1.png","style/img/index_advan_2.png":"style/img/index_advan_2.png","style/img/index_advan_3.png":"style/img/index_advan_3.png","style/img/index_advan_4.png":"style/img/index_advan_4.png","style/img/index_advan_bg.png":"style/img/index_advan_bg.png","style/img/index_advan_icon.png":"style/img/index_advan_icon.png","style/img/index_banner.png":"style/img/index_banner.png","style/img/index_docking_1.png":"style/img/index_docking_1.png","style/img/index_docking_2.png":"style/img/index_docking_2.png","style/img/index_docking_bg.png":"style/img/index_docking_bg.png","style/img/index_play_1.png":"style/img/index_play_1.png","style/img/index_play_2.png":"style/img/index_play_2.png","style/img/index_process_1.png":"style/img/index_process_1.png","style/img/index_process_2.png":"style/img/index_process_2.png","style/img/index_process_3.png":"style/img/index_process_3.png","style/img/index_process_4.png":"style/img/index_process_4.png","style/img/index_resolve_bg.png":"style/img/index_resolve_bg.png","style/img/logo_cn.png":"style/img/logo_cn.png","style/img/logo_cn_ttd.png":"style/img/logo_cn_ttd.png","style/img/logo_en.png":"style/img/logo_en.png","style/img/logo_en_ttd.png":"style/img/logo_en_ttd.png","style/img/logo_footer_cn.png":"style/img/logo_footer_cn.png","style/img/logo_footer_cn_ttd.png":"style/img/logo_footer_cn_ttd.png","style/img/logo_footer_en.png":"style/img/logo_footer_en.png","style/img/logo_footer_en_ttd.png":"style/img/logo_footer_en_ttd.png","style/img/question_1.png":"style/img/question_1.png","style/img/question_2.png":"style/img/question_2.png","style/img/second_bg.png":"style/img/second_bg.png","style/sass/antd.min.css":"style/sass/antd.min.css","style/sass/docs.scss":"style/sass/docs.scss","style/sass/help.scss":"style/sass/help.scss","style/sass/index.scss":"style/sass/index.scss","style/sass/notice.scss":"style/sass/notice.scss","style/sass/ttd.scss":"style/sass/ttd.scss","style/svg/delete.svg":"style/svg/delete.svg","style/svg/down_arrow.svg":"style/svg/down_arrow.svg","style/svg/notice.svg":"style/svg/notice.svg","style/svg/right_arrow.svg":"style/svg/right_arrow.svg","style/svg/search.svg":"style/svg/search.svg","style/svg/up_arrow.svg":"style/svg/up_arrow.svg","style/sass/common/page.scss":"style/sass/common/page.scss","style/sass/common/widget.scss":"style/sass/common/widget.scss","style/sass/tpl/_font.tpl":"style/sass/tpl/_font.tpl","style/sass/utils/_all.scss":"style/sass/utils/_all.scss","style/sass/utils/_color.scss":"style/sass/utils/_color.scss","style/sass/utils/_common.scss":"style/sass/utils/_common.scss","style/sass/utils/_flex.scss":"style/sass/utils/_flex.scss","style/sass/utils/_font.scss":"style/sass/utils/_font.scss","style/sass/utils/_icon.scss":"style/sass/utils/_icon.scss","style/sass/utils/_reset.scss":"style/sass/utils/_reset.scss","vendor.js":"js/vendor-db7a6f.js","vendor":"js/vendor-db7a6f.js","index.js":"js/index-8b1d09.js","index":"js/index-8b1d09.js","js/2-5ccfad.js":"js/2-5ccfad.js","js/2-5ccfad":"js/2-5ccfad.js","js/3-159dfe.js":"js/3-159dfe.js","js/3-159dfe":"js/3-159dfe.js","js/4-cf8241.js":"js/4-cf8241.js","js/4-cf8241":"js/4-cf8241.js","js/5-8ca36b.js":"js/5-8ca36b.js","js/5-8ca36b":"js/5-8ca36b.js","js/6-d96bee.js":"js/6-d96bee.js","js/6-d96bee":"js/6-d96bee.js","js/7-e6ae9a.js":"js/7-e6ae9a.js","js/7-e6ae9a":"js/7-e6ae9a.js","js/vendor-db7a6f.js.LICENSE.txt":"js/vendor-db7a6f.js.LICENSE.txt"},"clientIp":"103.200.23.68"}}
              window.__PUBLIC_PATH__ = 'https://ak-s-cw.tripcdn.com/modules/vacation/tour-opentrip-online'
              window.cargoContext = {"cookies":null,"queries":{"locale":"zh-cn"},"path":null,"contextSource":{"locale":"queryString","strictLocale":"","currency":"default","measurement":"","temperature":"","hourclock":"","country":""}}
            })()
          </script><script>
            (function() {
							try {
								window.__INITIAL_STATE__ = undefined
							} catch(error) {
								console.log('parse initial-state failed', error.stack)
							}
            })()
          </script><script src="https://ak-s-cw.tripcdn.com/modules/vacation/tour-opentrip-online/js/vendor-db7a6f.js"></script><script src="https://ak-s-cw.tripcdn.com/modules/vacation/tour-opentrip-online/js/index-8b1d09.js"></script><script>
              ; (function() {
                  window.__bfi = window.__bfi || [];
                  if (! (window.$_bf && window.$_bf.loaded || window.$LAB || window.CtripJsLoader)) {
                      var a = new Date,
                      b = !1,
                      c = "?v=" + a.getFullYear() + a.getMonth() + "_" + a.getDate(),
                      a = document.createElement("script");
                      a.type = "text/javascript";
                      a.charset = "utf-8";
                      a.async = !0;
                      try {
                          b = "https:" == location.protocol
                      } catch(d) {}
                      a.src = ((b ? "https:": "http:")) + "//webresource.tripcdn.com/ares2/sysdev/ubt/*/default/_bfa.min.js" + c;
                      b = document.getElementsByTagName("script")[0];
                      b.parentNode.insertBefore(a, b)
                  }
              })();
            </script></body></html>

[2025-06-26 21:55:43] URL: https://ttdopen.ctrip.com/api/PayPreOrderConfirm.do
Payload: {"header":{"accountId":"9a61dfc211eab470","serviceName":"PayPreOrderConfirm","requestTime":"2025-06-26 21:55:41","version":"1.0","sign":"c60473425e488a57a929df20407d6c35"},"body":"mdoobfebjappcgfdjkdnlgjdcmgknfnjkaibeamemdmiioockhbkbdgmmdbphabmfhekbbnkplehncnnhigjpcnkdnonlkjkmjniedhfnnmbokcfegpcdblddfcallldikdlbpdoddkmdgalnmfoponalffddfiehabllnofniplfgdjpcfbokjpkbiffpjfkaiiehpedanhnehoaghfcpjaopbcimjfnpblnoekodigbgapkckcfnhpjliobmgbopanhbmegfggaljflkcpapjdbhoenhfc"}
HTTP Code: 200
Response: <!DOCTYPE html><html><head><meta charSet="utf-8"/><meta http-equiv="X-UA-Compatible" content="IE=edge"/><meta name="author" content="Trip.com"/><meta name="viewport" content="width=device-width,initial-scale=1,maximum-scale=1,user-scalable=no"/><meta name="content-type" content="text/html; charset=UTF-8"/><title></title><meta name="description" content=""/><meta name="keywords" content=""/><link rel="shortcut icon" href="//ctrip.com/favicon.ico"/><link rel="stylesheet" type="text/css" href="https://ak-s-cw.tripcdn.com/modules/vacation/tour-opentrip-online/style/sass/antd.min.css"/><link rel="stylesheet" type="text/css" href="https://ak-s-cw.tripcdn.com/modules/vacation/tour-opentrip-online/style/style.1.1.70.1726044963894.css"/></head><body><div id="foo"></div><div id="root"></div><div id="bar"></div><div id="modal"></div><input type="hidden" id="page_id" value="wait"/><script>
            (function() {
              window.__APP_SETTINGS__ = {"type":"createHistory","basename":"","context":{"basename":"","publicPath":"https://ak-s-cw.tripcdn.com/modules/vacation/tour-opentrip-online","staticPath":"/static","restapi":"https://www.trip.com/restapi/soa2","env":"prod","appId":"100041145","h5Version":"1.1.70","preload":{},"assets":{"manifest.json":"manifest.json","commonTests/README.md":"commonTests/README.md","style/font.scss":"style/font.scss","style/import.css":"style/import.css","style/import.scss":"style/import.scss","style/style.1.1.70.1726044963894.css":"style/style.1.1.70.1726044963894.css","style/css/docs.1.1.70.1726044963894.css":"style/css/docs.1.1.70.1726044963894.css","style/css/help.1.1.70.1726044963894.css":"style/css/help.1.1.70.1726044963894.css","style/css/index.1.1.70.1726044963894.css":"style/css/index.1.1.70.1726044963894.css","style/css/notice.1.1.70.1726044963894.css":"style/css/notice.1.1.70.1726044963894.css","style/css/ttd.1.1.70.1726044963894.css":"style/css/ttd.1.1.70.1726044963894.css","style/assets/169c1b4002c5895b.ttf":"style/assets/169c1b4002c5895b.ttf","style/assets/1752deffbb28d68b.eot":"style/assets/1752deffbb28d68b.eot","style/assets/2b3851e16e88003d.svg":"style/assets/2b3851e16e88003d.svg","style/assets/2f12708aa8880959.woff":"style/assets/2f12708aa8880959.woff","style/assets/40c921c13890b8fc.svg":"style/assets/40c921c13890b8fc.svg","style/assets/4282a8f3ce4eea1f.ttf":"style/assets/4282a8f3ce4eea1f.ttf","style/assets/463c0fd6016631cb.svg":"style/assets/463c0fd6016631cb.svg","style/assets/4b5479aa64b4c8c4.png":"style/assets/4b5479aa64b4c8c4.png","style/assets/54b26ce01077d8ef.woff":"style/assets/54b26ce01077d8ef.woff","style/assets/7047ab7ba83cb6c0.eot":"style/assets/7047ab7ba83cb6c0.eot","style/assets/9a10b10dce021cb7.woff2":"style/assets/9a10b10dce021cb7.woff2","style/assets/bd6294ed4b1bc72d.ttf":"style/assets/bd6294ed4b1bc72d.ttf","style/assets/f2d78608ea2ae3a9.woff":"style/assets/f2d78608ea2ae3a9.woff","style/font/gico.eot":"style/font/gico.eot","style/font/gico.ttf":"style/font/gico.ttf","style/font/gico.woff":"style/font/gico.woff","style/img/404.png":"style/img/404.png","style/img/Trip.com_blue.png":"style/img/Trip.com_blue.png","style/img/Trip.com_white.png":"style/img/Trip.com_white.png","style/img/back_old_1.png":"style/img/back_old_1.png","style/img/back_old_2.png":"style/img/back_old_2.png","style/img/banner.jpg":"style/img/banner.jpg","style/img/help_docking.png":"style/img/help_docking.png","style/img/help_docking_active.png":"style/img/help_docking_active.png","style/img/help_order.png":"style/img/help_order.png","style/img/help_order_active.png":"style/img/help_order_active.png","style/img/help_other.png":"style/img/help_other.png","style/img/help_other_active.png":"style/img/help_other_active.png","style/img/help_process.png":"style/img/help_process.png","style/img/help_process_active.png":"style/img/help_process_active.png","style/img/help_safe.png":"style/img/help_safe.png","style/img/help_safe_active.png":"style/img/help_safe_active.png","style/img/help_sanbox.png":"style/img/help_sanbox.png","style/img/help_sanbox_active.png":"style/img/help_sanbox_active.png","style/img/index_advan_1.png":"style/img/index_advan_1.png","style/img/index_advan_2.png":"style/img/index_advan_2.png","style/img/index_advan_3.png":"style/img/index_advan_3.png","style/img/index_advan_4.png":"style/img/index_advan_4.png","style/img/index_advan_bg.png":"style/img/index_advan_bg.png","style/img/index_advan_icon.png":"style/img/index_advan_icon.png","style/img/index_banner.png":"style/img/index_banner.png","style/img/index_docking_1.png":"style/img/index_docking_1.png","style/img/index_docking_2.png":"style/img/index_docking_2.png","style/img/index_docking_bg.png":"style/img/index_docking_bg.png","style/img/index_play_1.png":"style/img/index_play_1.png","style/img/index_play_2.png":"style/img/index_play_2.png","style/img/index_process_1.png":"style/img/index_process_1.png","style/img/index_process_2.png":"style/img/index_process_2.png","style/img/index_process_3.png":"style/img/index_process_3.png","style/img/index_process_4.png":"style/img/index_process_4.png","style/img/index_resolve_bg.png":"style/img/index_resolve_bg.png","style/img/logo_cn.png":"style/img/logo_cn.png","style/img/logo_cn_ttd.png":"style/img/logo_cn_ttd.png","style/img/logo_en.png":"style/img/logo_en.png","style/img/logo_en_ttd.png":"style/img/logo_en_ttd.png","style/img/logo_footer_cn.png":"style/img/logo_footer_cn.png","style/img/logo_footer_cn_ttd.png":"style/img/logo_footer_cn_ttd.png","style/img/logo_footer_en.png":"style/img/logo_footer_en.png","style/img/logo_footer_en_ttd.png":"style/img/logo_footer_en_ttd.png","style/img/question_1.png":"style/img/question_1.png","style/img/question_2.png":"style/img/question_2.png","style/img/second_bg.png":"style/img/second_bg.png","style/sass/antd.min.css":"style/sass/antd.min.css","style/sass/docs.scss":"style/sass/docs.scss","style/sass/help.scss":"style/sass/help.scss","style/sass/index.scss":"style/sass/index.scss","style/sass/notice.scss":"style/sass/notice.scss","style/sass/ttd.scss":"style/sass/ttd.scss","style/svg/delete.svg":"style/svg/delete.svg","style/svg/down_arrow.svg":"style/svg/down_arrow.svg","style/svg/notice.svg":"style/svg/notice.svg","style/svg/right_arrow.svg":"style/svg/right_arrow.svg","style/svg/search.svg":"style/svg/search.svg","style/svg/up_arrow.svg":"style/svg/up_arrow.svg","style/sass/common/page.scss":"style/sass/common/page.scss","style/sass/common/widget.scss":"style/sass/common/widget.scss","style/sass/tpl/_font.tpl":"style/sass/tpl/_font.tpl","style/sass/utils/_all.scss":"style/sass/utils/_all.scss","style/sass/utils/_color.scss":"style/sass/utils/_color.scss","style/sass/utils/_common.scss":"style/sass/utils/_common.scss","style/sass/utils/_flex.scss":"style/sass/utils/_flex.scss","style/sass/utils/_font.scss":"style/sass/utils/_font.scss","style/sass/utils/_icon.scss":"style/sass/utils/_icon.scss","style/sass/utils/_reset.scss":"style/sass/utils/_reset.scss","vendor.js":"js/vendor-db7a6f.js","vendor":"js/vendor-db7a6f.js","index.js":"js/index-8b1d09.js","index":"js/index-8b1d09.js","js/2-5ccfad.js":"js/2-5ccfad.js","js/2-5ccfad":"js/2-5ccfad.js","js/3-159dfe.js":"js/3-159dfe.js","js/3-159dfe":"js/3-159dfe.js","js/4-cf8241.js":"js/4-cf8241.js","js/4-cf8241":"js/4-cf8241.js","js/5-8ca36b.js":"js/5-8ca36b.js","js/5-8ca36b":"js/5-8ca36b.js","js/6-d96bee.js":"js/6-d96bee.js","js/6-d96bee":"js/6-d96bee.js","js/7-e6ae9a.js":"js/7-e6ae9a.js","js/7-e6ae9a":"js/7-e6ae9a.js","js/vendor-db7a6f.js.LICENSE.txt":"js/vendor-db7a6f.js.LICENSE.txt"},"clientIp":"103.200.23.68"}}
              window.__PUBLIC_PATH__ = 'https://ak-s-cw.tripcdn.com/modules/vacation/tour-opentrip-online'
              window.cargoContext = {"cookies":null,"queries":{"locale":"zh-cn"},"path":null,"contextSource":{"locale":"queryString","strictLocale":"","currency":"default","measurement":"","temperature":"","hourclock":"","country":""}}
            })()
          </script><script>
            (function() {
							try {
								window.__INITIAL_STATE__ = undefined
							} catch(error) {
								console.log('parse initial-state failed', error.stack)
							}
            })()
          </script><script src="https://ak-s-cw.tripcdn.com/modules/vacation/tour-opentrip-online/js/vendor-db7a6f.js"></script><script src="https://ak-s-cw.tripcdn.com/modules/vacation/tour-opentrip-online/js/index-8b1d09.js"></script><script>
              ; (function() {
                  window.__bfi = window.__bfi || [];
                  if (! (window.$_bf && window.$_bf.loaded || window.$LAB || window.CtripJsLoader)) {
                      var a = new Date,
                      b = !1,
                      c = "?v=" + a.getFullYear() + a.getMonth() + "_" + a.getDate(),
                      a = document.createElement("script");
                      a.type = "text/javascript";
                      a.charset = "utf-8";
                      a.async = !0;
                      try {
                          b = "https:" == location.protocol
                      } catch(d) {}
                      a.src = ((b ? "https:": "http:")) + "//webresource.tripcdn.com/ares2/sysdev/ubt/*/default/_bfa.min.js" + c;
                      b = document.getElementsByTagName("script")[0];
                      b.parentNode.insertBefore(a, b)
                  }
              })();
            </script></body></html>

[2025-06-26 21:55:43] URL: https://ttdopen.ctrip.com/api/PayPreOrderConfirm.do
Payload: {"header":{"accountId":"9a61dfc211eab470","serviceName":"PayPreOrderConfirm","requestTime":"2025-06-26 21:55:42","version":"1.0","sign":"986bd8cfaf72adabab28046c7faabd1f"},"body":"mdoobfebjappcgfdjkdnlgjdcmgknfnjilpcaljnhgjobkioadlokgmfjieibknnbchlkkbionplpamcaphjphagmmabbeenmiicconphiifjbbndlpgbbcclmfonhbkpillbcodeajbndobgjpjeodcimmcciafjhcpfaippbmjkbkiipkafaigecbimjgddidklmcgidkhppfoogapegamanlbffmbjkonadibagmahmeieoonmjdlmgmjnofineldjdaadbdiiadjcnjkjhegmjhaefkj"}
HTTP Code: 200
Response: <!DOCTYPE html><html><head><meta charSet="utf-8"/><meta http-equiv="X-UA-Compatible" content="IE=edge"/><meta name="author" content="Trip.com"/><meta name="viewport" content="width=device-width,initial-scale=1,maximum-scale=1,user-scalable=no"/><meta name="content-type" content="text/html; charset=UTF-8"/><title></title><meta name="description" content=""/><meta name="keywords" content=""/><link rel="shortcut icon" href="//ctrip.com/favicon.ico"/><link rel="stylesheet" type="text/css" href="https://ak-s-cw.tripcdn.com/modules/vacation/tour-opentrip-online/style/sass/antd.min.css"/><link rel="stylesheet" type="text/css" href="https://ak-s-cw.tripcdn.com/modules/vacation/tour-opentrip-online/style/style.1.1.70.1726044963894.css"/></head><body><div id="foo"></div><div id="root"></div><div id="bar"></div><div id="modal"></div><input type="hidden" id="page_id" value="wait"/><script>
            (function() {
              window.__APP_SETTINGS__ = {"type":"createHistory","basename":"","context":{"basename":"","publicPath":"https://ak-s-cw.tripcdn.com/modules/vacation/tour-opentrip-online","staticPath":"/static","restapi":"https://www.trip.com/restapi/soa2","env":"prod","appId":"100041145","h5Version":"1.1.70","preload":{},"assets":{"manifest.json":"manifest.json","commonTests/README.md":"commonTests/README.md","style/font.scss":"style/font.scss","style/import.css":"style/import.css","style/import.scss":"style/import.scss","style/style.1.1.70.1726044963894.css":"style/style.1.1.70.1726044963894.css","style/css/docs.1.1.70.1726044963894.css":"style/css/docs.1.1.70.1726044963894.css","style/css/help.1.1.70.1726044963894.css":"style/css/help.1.1.70.1726044963894.css","style/css/index.1.1.70.1726044963894.css":"style/css/index.1.1.70.1726044963894.css","style/css/notice.1.1.70.1726044963894.css":"style/css/notice.1.1.70.1726044963894.css","style/css/ttd.1.1.70.1726044963894.css":"style/css/ttd.1.1.70.1726044963894.css","style/assets/169c1b4002c5895b.ttf":"style/assets/169c1b4002c5895b.ttf","style/assets/1752deffbb28d68b.eot":"style/assets/1752deffbb28d68b.eot","style/assets/2b3851e16e88003d.svg":"style/assets/2b3851e16e88003d.svg","style/assets/2f12708aa8880959.woff":"style/assets/2f12708aa8880959.woff","style/assets/40c921c13890b8fc.svg":"style/assets/40c921c13890b8fc.svg","style/assets/4282a8f3ce4eea1f.ttf":"style/assets/4282a8f3ce4eea1f.ttf","style/assets/463c0fd6016631cb.svg":"style/assets/463c0fd6016631cb.svg","style/assets/4b5479aa64b4c8c4.png":"style/assets/4b5479aa64b4c8c4.png","style/assets/54b26ce01077d8ef.woff":"style/assets/54b26ce01077d8ef.woff","style/assets/7047ab7ba83cb6c0.eot":"style/assets/7047ab7ba83cb6c0.eot","style/assets/9a10b10dce021cb7.woff2":"style/assets/9a10b10dce021cb7.woff2","style/assets/bd6294ed4b1bc72d.ttf":"style/assets/bd6294ed4b1bc72d.ttf","style/assets/f2d78608ea2ae3a9.woff":"style/assets/f2d78608ea2ae3a9.woff","style/font/gico.eot":"style/font/gico.eot","style/font/gico.ttf":"style/font/gico.ttf","style/font/gico.woff":"style/font/gico.woff","style/img/404.png":"style/img/404.png","style/img/Trip.com_blue.png":"style/img/Trip.com_blue.png","style/img/Trip.com_white.png":"style/img/Trip.com_white.png","style/img/back_old_1.png":"style/img/back_old_1.png","style/img/back_old_2.png":"style/img/back_old_2.png","style/img/banner.jpg":"style/img/banner.jpg","style/img/help_docking.png":"style/img/help_docking.png","style/img/help_docking_active.png":"style/img/help_docking_active.png","style/img/help_order.png":"style/img/help_order.png","style/img/help_order_active.png":"style/img/help_order_active.png","style/img/help_other.png":"style/img/help_other.png","style/img/help_other_active.png":"style/img/help_other_active.png","style/img/help_process.png":"style/img/help_process.png","style/img/help_process_active.png":"style/img/help_process_active.png","style/img/help_safe.png":"style/img/help_safe.png","style/img/help_safe_active.png":"style/img/help_safe_active.png","style/img/help_sanbox.png":"style/img/help_sanbox.png","style/img/help_sanbox_active.png":"style/img/help_sanbox_active.png","style/img/index_advan_1.png":"style/img/index_advan_1.png","style/img/index_advan_2.png":"style/img/index_advan_2.png","style/img/index_advan_3.png":"style/img/index_advan_3.png","style/img/index_advan_4.png":"style/img/index_advan_4.png","style/img/index_advan_bg.png":"style/img/index_advan_bg.png","style/img/index_advan_icon.png":"style/img/index_advan_icon.png","style/img/index_banner.png":"style/img/index_banner.png","style/img/index_docking_1.png":"style/img/index_docking_1.png","style/img/index_docking_2.png":"style/img/index_docking_2.png","style/img/index_docking_bg.png":"style/img/index_docking_bg.png","style/img/index_play_1.png":"style/img/index_play_1.png","style/img/index_play_2.png":"style/img/index_play_2.png","style/img/index_process_1.png":"style/img/index_process_1.png","style/img/index_process_2.png":"style/img/index_process_2.png","style/img/index_process_3.png":"style/img/index_process_3.png","style/img/index_process_4.png":"style/img/index_process_4.png","style/img/index_resolve_bg.png":"style/img/index_resolve_bg.png","style/img/logo_cn.png":"style/img/logo_cn.png","style/img/logo_cn_ttd.png":"style/img/logo_cn_ttd.png","style/img/logo_en.png":"style/img/logo_en.png","style/img/logo_en_ttd.png":"style/img/logo_en_ttd.png","style/img/logo_footer_cn.png":"style/img/logo_footer_cn.png","style/img/logo_footer_cn_ttd.png":"style/img/logo_footer_cn_ttd.png","style/img/logo_footer_en.png":"style/img/logo_footer_en.png","style/img/logo_footer_en_ttd.png":"style/img/logo_footer_en_ttd.png","style/img/question_1.png":"style/img/question_1.png","style/img/question_2.png":"style/img/question_2.png","style/img/second_bg.png":"style/img/second_bg.png","style/sass/antd.min.css":"style/sass/antd.min.css","style/sass/docs.scss":"style/sass/docs.scss","style/sass/help.scss":"style/sass/help.scss","style/sass/index.scss":"style/sass/index.scss","style/sass/notice.scss":"style/sass/notice.scss","style/sass/ttd.scss":"style/sass/ttd.scss","style/svg/delete.svg":"style/svg/delete.svg","style/svg/down_arrow.svg":"style/svg/down_arrow.svg","style/svg/notice.svg":"style/svg/notice.svg","style/svg/right_arrow.svg":"style/svg/right_arrow.svg","style/svg/search.svg":"style/svg/search.svg","style/svg/up_arrow.svg":"style/svg/up_arrow.svg","style/sass/common/page.scss":"style/sass/common/page.scss","style/sass/common/widget.scss":"style/sass/common/widget.scss","style/sass/tpl/_font.tpl":"style/sass/tpl/_font.tpl","style/sass/utils/_all.scss":"style/sass/utils/_all.scss","style/sass/utils/_color.scss":"style/sass/utils/_color.scss","style/sass/utils/_common.scss":"style/sass/utils/_common.scss","style/sass/utils/_flex.scss":"style/sass/utils/_flex.scss","style/sass/utils/_font.scss":"style/sass/utils/_font.scss","style/sass/utils/_icon.scss":"style/sass/utils/_icon.scss","style/sass/utils/_reset.scss":"style/sass/utils/_reset.scss","vendor.js":"js/vendor-db7a6f.js","vendor":"js/vendor-db7a6f.js","index.js":"js/index-8b1d09.js","index":"js/index-8b1d09.js","js/2-5ccfad.js":"js/2-5ccfad.js","js/2-5ccfad":"js/2-5ccfad.js","js/3-159dfe.js":"js/3-159dfe.js","js/3-159dfe":"js/3-159dfe.js","js/4-cf8241.js":"js/4-cf8241.js","js/4-cf8241":"js/4-cf8241.js","js/5-8ca36b.js":"js/5-8ca36b.js","js/5-8ca36b":"js/5-8ca36b.js","js/6-d96bee.js":"js/6-d96bee.js","js/6-d96bee":"js/6-d96bee.js","js/7-e6ae9a.js":"js/7-e6ae9a.js","js/7-e6ae9a":"js/7-e6ae9a.js","js/vendor-db7a6f.js.LICENSE.txt":"js/vendor-db7a6f.js.LICENSE.txt"},"clientIp":"103.200.23.68"}}
              window.__PUBLIC_PATH__ = 'https://ak-s-cw.tripcdn.com/modules/vacation/tour-opentrip-online'
              window.cargoContext = {"cookies":null,"queries":{"locale":"zh-cn"},"path":null,"contextSource":{"locale":"queryString","strictLocale":"","currency":"default","measurement":"","temperature":"","hourclock":"","country":""}}
            })()
          </script><script>
            (function() {
							try {
								window.__INITIAL_STATE__ = undefined
							} catch(error) {
								console.log('parse initial-state failed', error.stack)
							}
            })()
          </script><script src="https://ak-s-cw.tripcdn.com/modules/vacation/tour-opentrip-online/js/vendor-db7a6f.js"></script><script src="https://ak-s-cw.tripcdn.com/modules/vacation/tour-opentrip-online/js/index-8b1d09.js"></script><script>
              ; (function() {
                  window.__bfi = window.__bfi || [];
                  if (! (window.$_bf && window.$_bf.loaded || window.$LAB || window.CtripJsLoader)) {
                      var a = new Date,
                      b = !1,
                      c = "?v=" + a.getFullYear() + a.getMonth() + "_" + a.getDate(),
                      a = document.createElement("script");
                      a.type = "text/javascript";
                      a.charset = "utf-8";
                      a.async = !0;
                      try {
                          b = "https:" == location.protocol
                      } catch(d) {}
                      a.src = ((b ? "https:": "http:")) + "//webresource.tripcdn.com/ares2/sysdev/ubt/*/default/_bfa.min.js" + c;
                      b = document.getElementsByTagName("script")[0];
                      b.parentNode.insertBefore(a, b)
                  }
              })();
            </script></body></html>

[2025-06-26 21:55:44] URL: https://ttdopen.ctrip.com/api/PayPreOrderConfirm.do
Payload: {"header":{"accountId":"9a61dfc211eab470","serviceName":"PayPreOrderConfirm","requestTime":"2025-06-26 21:55:43","version":"1.0","sign":"e79845e659ecf2b068275a923764ae5a"},"body":"mdoobfebjappcgfdjkdnlgjdcmgknfnjolefleimnccaoofhmdjmmeceeiaichobccbihfkglchhjnllhlfhkcnkndgkjngnmephhdgajmolbmhlmeaoomdfmhknaaamkfofamgbakpopkojiceljnekgpeaaaehankeckmefooganeccnlpfhghfihomlieenlngfjgpppmhdggnpgafnbceapcbcmekocnakgajpgmaibdjepaekcnehdicnmhibjbdpkckcmadjhdgggaeipkjgdpclfj"}
HTTP Code: 200
Response: <!DOCTYPE html><html><head><meta charSet="utf-8"/><meta http-equiv="X-UA-Compatible" content="IE=edge"/><meta name="author" content="Trip.com"/><meta name="viewport" content="width=device-width,initial-scale=1,maximum-scale=1,user-scalable=no"/><meta name="content-type" content="text/html; charset=UTF-8"/><title></title><meta name="description" content=""/><meta name="keywords" content=""/><link rel="shortcut icon" href="//ctrip.com/favicon.ico"/><link rel="stylesheet" type="text/css" href="https://ak-s-cw.tripcdn.com/modules/vacation/tour-opentrip-online/style/sass/antd.min.css"/><link rel="stylesheet" type="text/css" href="https://ak-s-cw.tripcdn.com/modules/vacation/tour-opentrip-online/style/style.1.1.70.1726044963894.css"/></head><body><div id="foo"></div><div id="root"></div><div id="bar"></div><div id="modal"></div><input type="hidden" id="page_id" value="wait"/><script>
            (function() {
              window.__APP_SETTINGS__ = {"type":"createHistory","basename":"","context":{"basename":"","publicPath":"https://ak-s-cw.tripcdn.com/modules/vacation/tour-opentrip-online","staticPath":"/static","restapi":"https://www.trip.com/restapi/soa2","env":"prod","appId":"100041145","h5Version":"1.1.70","preload":{},"assets":{"manifest.json":"manifest.json","commonTests/README.md":"commonTests/README.md","style/font.scss":"style/font.scss","style/import.css":"style/import.css","style/import.scss":"style/import.scss","style/style.1.1.70.1726044963894.css":"style/style.1.1.70.1726044963894.css","style/css/docs.1.1.70.1726044963894.css":"style/css/docs.1.1.70.1726044963894.css","style/css/help.1.1.70.1726044963894.css":"style/css/help.1.1.70.1726044963894.css","style/css/index.1.1.70.1726044963894.css":"style/css/index.1.1.70.1726044963894.css","style/css/notice.1.1.70.1726044963894.css":"style/css/notice.1.1.70.1726044963894.css","style/css/ttd.1.1.70.1726044963894.css":"style/css/ttd.1.1.70.1726044963894.css","style/assets/169c1b4002c5895b.ttf":"style/assets/169c1b4002c5895b.ttf","style/assets/1752deffbb28d68b.eot":"style/assets/1752deffbb28d68b.eot","style/assets/2b3851e16e88003d.svg":"style/assets/2b3851e16e88003d.svg","style/assets/2f12708aa8880959.woff":"style/assets/2f12708aa8880959.woff","style/assets/40c921c13890b8fc.svg":"style/assets/40c921c13890b8fc.svg","style/assets/4282a8f3ce4eea1f.ttf":"style/assets/4282a8f3ce4eea1f.ttf","style/assets/463c0fd6016631cb.svg":"style/assets/463c0fd6016631cb.svg","style/assets/4b5479aa64b4c8c4.png":"style/assets/4b5479aa64b4c8c4.png","style/assets/54b26ce01077d8ef.woff":"style/assets/54b26ce01077d8ef.woff","style/assets/7047ab7ba83cb6c0.eot":"style/assets/7047ab7ba83cb6c0.eot","style/assets/9a10b10dce021cb7.woff2":"style/assets/9a10b10dce021cb7.woff2","style/assets/bd6294ed4b1bc72d.ttf":"style/assets/bd6294ed4b1bc72d.ttf","style/assets/f2d78608ea2ae3a9.woff":"style/assets/f2d78608ea2ae3a9.woff","style/font/gico.eot":"style/font/gico.eot","style/font/gico.ttf":"style/font/gico.ttf","style/font/gico.woff":"style/font/gico.woff","style/img/404.png":"style/img/404.png","style/img/Trip.com_blue.png":"style/img/Trip.com_blue.png","style/img/Trip.com_white.png":"style/img/Trip.com_white.png","style/img/back_old_1.png":"style/img/back_old_1.png","style/img/back_old_2.png":"style/img/back_old_2.png","style/img/banner.jpg":"style/img/banner.jpg","style/img/help_docking.png":"style/img/help_docking.png","style/img/help_docking_active.png":"style/img/help_docking_active.png","style/img/help_order.png":"style/img/help_order.png","style/img/help_order_active.png":"style/img/help_order_active.png","style/img/help_other.png":"style/img/help_other.png","style/img/help_other_active.png":"style/img/help_other_active.png","style/img/help_process.png":"style/img/help_process.png","style/img/help_process_active.png":"style/img/help_process_active.png","style/img/help_safe.png":"style/img/help_safe.png","style/img/help_safe_active.png":"style/img/help_safe_active.png","style/img/help_sanbox.png":"style/img/help_sanbox.png","style/img/help_sanbox_active.png":"style/img/help_sanbox_active.png","style/img/index_advan_1.png":"style/img/index_advan_1.png","style/img/index_advan_2.png":"style/img/index_advan_2.png","style/img/index_advan_3.png":"style/img/index_advan_3.png","style/img/index_advan_4.png":"style/img/index_advan_4.png","style/img/index_advan_bg.png":"style/img/index_advan_bg.png","style/img/index_advan_icon.png":"style/img/index_advan_icon.png","style/img/index_banner.png":"style/img/index_banner.png","style/img/index_docking_1.png":"style/img/index_docking_1.png","style/img/index_docking_2.png":"style/img/index_docking_2.png","style/img/index_docking_bg.png":"style/img/index_docking_bg.png","style/img/index_play_1.png":"style/img/index_play_1.png","style/img/index_play_2.png":"style/img/index_play_2.png","style/img/index_process_1.png":"style/img/index_process_1.png","style/img/index_process_2.png":"style/img/index_process_2.png","style/img/index_process_3.png":"style/img/index_process_3.png","style/img/index_process_4.png":"style/img/index_process_4.png","style/img/index_resolve_bg.png":"style/img/index_resolve_bg.png","style/img/logo_cn.png":"style/img/logo_cn.png","style/img/logo_cn_ttd.png":"style/img/logo_cn_ttd.png","style/img/logo_en.png":"style/img/logo_en.png","style/img/logo_en_ttd.png":"style/img/logo_en_ttd.png","style/img/logo_footer_cn.png":"style/img/logo_footer_cn.png","style/img/logo_footer_cn_ttd.png":"style/img/logo_footer_cn_ttd.png","style/img/logo_footer_en.png":"style/img/logo_footer_en.png","style/img/logo_footer_en_ttd.png":"style/img/logo_footer_en_ttd.png","style/img/question_1.png":"style/img/question_1.png","style/img/question_2.png":"style/img/question_2.png","style/img/second_bg.png":"style/img/second_bg.png","style/sass/antd.min.css":"style/sass/antd.min.css","style/sass/docs.scss":"style/sass/docs.scss","style/sass/help.scss":"style/sass/help.scss","style/sass/index.scss":"style/sass/index.scss","style/sass/notice.scss":"style/sass/notice.scss","style/sass/ttd.scss":"style/sass/ttd.scss","style/svg/delete.svg":"style/svg/delete.svg","style/svg/down_arrow.svg":"style/svg/down_arrow.svg","style/svg/notice.svg":"style/svg/notice.svg","style/svg/right_arrow.svg":"style/svg/right_arrow.svg","style/svg/search.svg":"style/svg/search.svg","style/svg/up_arrow.svg":"style/svg/up_arrow.svg","style/sass/common/page.scss":"style/sass/common/page.scss","style/sass/common/widget.scss":"style/sass/common/widget.scss","style/sass/tpl/_font.tpl":"style/sass/tpl/_font.tpl","style/sass/utils/_all.scss":"style/sass/utils/_all.scss","style/sass/utils/_color.scss":"style/sass/utils/_color.scss","style/sass/utils/_common.scss":"style/sass/utils/_common.scss","style/sass/utils/_flex.scss":"style/sass/utils/_flex.scss","style/sass/utils/_font.scss":"style/sass/utils/_font.scss","style/sass/utils/_icon.scss":"style/sass/utils/_icon.scss","style/sass/utils/_reset.scss":"style/sass/utils/_reset.scss","vendor.js":"js/vendor-db7a6f.js","vendor":"js/vendor-db7a6f.js","index.js":"js/index-8b1d09.js","index":"js/index-8b1d09.js","js/2-5ccfad.js":"js/2-5ccfad.js","js/2-5ccfad":"js/2-5ccfad.js","js/3-159dfe.js":"js/3-159dfe.js","js/3-159dfe":"js/3-159dfe.js","js/4-cf8241.js":"js/4-cf8241.js","js/4-cf8241":"js/4-cf8241.js","js/5-8ca36b.js":"js/5-8ca36b.js","js/5-8ca36b":"js/5-8ca36b.js","js/6-d96bee.js":"js/6-d96bee.js","js/6-d96bee":"js/6-d96bee.js","js/7-e6ae9a.js":"js/7-e6ae9a.js","js/7-e6ae9a":"js/7-e6ae9a.js","js/vendor-db7a6f.js.LICENSE.txt":"js/vendor-db7a6f.js.LICENSE.txt"},"clientIp":"103.200.23.68"}}
              window.__PUBLIC_PATH__ = 'https://ak-s-cw.tripcdn.com/modules/vacation/tour-opentrip-online'
              window.cargoContext = {"cookies":null,"queries":{"locale":"zh-cn"},"path":null,"contextSource":{"locale":"queryString","strictLocale":"","currency":"default","measurement":"","temperature":"","hourclock":"","country":""}}
            })()
          </script><script>
            (function() {
							try {
								window.__INITIAL_STATE__ = undefined
							} catch(error) {
								console.log('parse initial-state failed', error.stack)
							}
            })()
          </script><script src="https://ak-s-cw.tripcdn.com/modules/vacation/tour-opentrip-online/js/vendor-db7a6f.js"></script><script src="https://ak-s-cw.tripcdn.com/modules/vacation/tour-opentrip-online/js/index-8b1d09.js"></script><script>
              ; (function() {
                  window.__bfi = window.__bfi || [];
                  if (! (window.$_bf && window.$_bf.loaded || window.$LAB || window.CtripJsLoader)) {
                      var a = new Date,
                      b = !1,
                      c = "?v=" + a.getFullYear() + a.getMonth() + "_" + a.getDate(),
                      a = document.createElement("script");
                      a.type = "text/javascript";
                      a.charset = "utf-8";
                      a.async = !0;
                      try {
                          b = "https:" == location.protocol
                      } catch(d) {}
                      a.src = ((b ? "https:": "http:")) + "//webresource.tripcdn.com/ares2/sysdev/ubt/*/default/_bfa.min.js" + c;
                      b = document.getElementsByTagName("script")[0];
                      b.parentNode.insertBefore(a, b)
                  }
              })();
            </script></body></html>

[2025-06-26 22:29:11] URL: https://ttdopen.ctrip.com/api/PayPreOrderConfirm.do
Payload: {"header":{"accountId":"9a61dfc211eab470","serviceName":"PayPreOrderConfirm","requestTime":"2025-06-26 22:29:09","version":"1.0","sign":"f2185f332f0ba453dd5659bea8e81210"},"body":"mdoobfebjappcgfdjkdnlgjdcmgknfnjknnilgjelkdggpbabndkihdgiofploilgbkhbgjhpclefohjdcnbfmbnbaipopceneibnjonbcjhjnkmijbdbkkilogihmbpiikllglhlecnjaakglbomjhjajjoldefcgemkkkfkmildcpbepnljgdjimcjkbkmpnhibjebflhmcjhbdgpbmjkcjpmadeolkfejppgfgpaepgcmkgmfjdkcekhakanlhfcfojbcgcehhblgfhpkcaldcgijbjfm"}
HTTP Code: 200
Response: <!DOCTYPE html><html><head><meta charSet="utf-8"/><meta http-equiv="X-UA-Compatible" content="IE=edge"/><meta name="author" content="Trip.com"/><meta name="viewport" content="width=device-width,initial-scale=1,maximum-scale=1,user-scalable=no"/><meta name="content-type" content="text/html; charset=UTF-8"/><title></title><meta name="description" content=""/><meta name="keywords" content=""/><link rel="shortcut icon" href="//ctrip.com/favicon.ico"/><link rel="stylesheet" type="text/css" href="https://ak-s-cw.tripcdn.com/modules/vacation/tour-opentrip-online/style/sass/antd.min.css"/><link rel="stylesheet" type="text/css" href="https://ak-s-cw.tripcdn.com/modules/vacation/tour-opentrip-online/style/style.1.1.70.1726044963894.css"/></head><body><div id="foo"></div><div id="root"></div><div id="bar"></div><div id="modal"></div><input type="hidden" id="page_id" value="wait"/><script>
            (function() {
              window.__APP_SETTINGS__ = {"type":"createHistory","basename":"","context":{"basename":"","publicPath":"https://ak-s-cw.tripcdn.com/modules/vacation/tour-opentrip-online","staticPath":"/static","restapi":"https://www.trip.com/restapi/soa2","env":"prod","appId":"100041145","h5Version":"1.1.70","preload":{},"assets":{"manifest.json":"manifest.json","commonTests/README.md":"commonTests/README.md","style/font.scss":"style/font.scss","style/import.css":"style/import.css","style/import.scss":"style/import.scss","style/style.1.1.70.1726044963894.css":"style/style.1.1.70.1726044963894.css","style/css/docs.1.1.70.1726044963894.css":"style/css/docs.1.1.70.1726044963894.css","style/css/help.1.1.70.1726044963894.css":"style/css/help.1.1.70.1726044963894.css","style/css/index.1.1.70.1726044963894.css":"style/css/index.1.1.70.1726044963894.css","style/css/notice.1.1.70.1726044963894.css":"style/css/notice.1.1.70.1726044963894.css","style/css/ttd.1.1.70.1726044963894.css":"style/css/ttd.1.1.70.1726044963894.css","style/assets/169c1b4002c5895b.ttf":"style/assets/169c1b4002c5895b.ttf","style/assets/1752deffbb28d68b.eot":"style/assets/1752deffbb28d68b.eot","style/assets/2b3851e16e88003d.svg":"style/assets/2b3851e16e88003d.svg","style/assets/2f12708aa8880959.woff":"style/assets/2f12708aa8880959.woff","style/assets/40c921c13890b8fc.svg":"style/assets/40c921c13890b8fc.svg","style/assets/4282a8f3ce4eea1f.ttf":"style/assets/4282a8f3ce4eea1f.ttf","style/assets/463c0fd6016631cb.svg":"style/assets/463c0fd6016631cb.svg","style/assets/4b5479aa64b4c8c4.png":"style/assets/4b5479aa64b4c8c4.png","style/assets/54b26ce01077d8ef.woff":"style/assets/54b26ce01077d8ef.woff","style/assets/7047ab7ba83cb6c0.eot":"style/assets/7047ab7ba83cb6c0.eot","style/assets/9a10b10dce021cb7.woff2":"style/assets/9a10b10dce021cb7.woff2","style/assets/bd6294ed4b1bc72d.ttf":"style/assets/bd6294ed4b1bc72d.ttf","style/assets/f2d78608ea2ae3a9.woff":"style/assets/f2d78608ea2ae3a9.woff","style/font/gico.eot":"style/font/gico.eot","style/font/gico.ttf":"style/font/gico.ttf","style/font/gico.woff":"style/font/gico.woff","style/img/404.png":"style/img/404.png","style/img/Trip.com_blue.png":"style/img/Trip.com_blue.png","style/img/Trip.com_white.png":"style/img/Trip.com_white.png","style/img/back_old_1.png":"style/img/back_old_1.png","style/img/back_old_2.png":"style/img/back_old_2.png","style/img/banner.jpg":"style/img/banner.jpg","style/img/help_docking.png":"style/img/help_docking.png","style/img/help_docking_active.png":"style/img/help_docking_active.png","style/img/help_order.png":"style/img/help_order.png","style/img/help_order_active.png":"style/img/help_order_active.png","style/img/help_other.png":"style/img/help_other.png","style/img/help_other_active.png":"style/img/help_other_active.png","style/img/help_process.png":"style/img/help_process.png","style/img/help_process_active.png":"style/img/help_process_active.png","style/img/help_safe.png":"style/img/help_safe.png","style/img/help_safe_active.png":"style/img/help_safe_active.png","style/img/help_sanbox.png":"style/img/help_sanbox.png","style/img/help_sanbox_active.png":"style/img/help_sanbox_active.png","style/img/index_advan_1.png":"style/img/index_advan_1.png","style/img/index_advan_2.png":"style/img/index_advan_2.png","style/img/index_advan_3.png":"style/img/index_advan_3.png","style/img/index_advan_4.png":"style/img/index_advan_4.png","style/img/index_advan_bg.png":"style/img/index_advan_bg.png","style/img/index_advan_icon.png":"style/img/index_advan_icon.png","style/img/index_banner.png":"style/img/index_banner.png","style/img/index_docking_1.png":"style/img/index_docking_1.png","style/img/index_docking_2.png":"style/img/index_docking_2.png","style/img/index_docking_bg.png":"style/img/index_docking_bg.png","style/img/index_play_1.png":"style/img/index_play_1.png","style/img/index_play_2.png":"style/img/index_play_2.png","style/img/index_process_1.png":"style/img/index_process_1.png","style/img/index_process_2.png":"style/img/index_process_2.png","style/img/index_process_3.png":"style/img/index_process_3.png","style/img/index_process_4.png":"style/img/index_process_4.png","style/img/index_resolve_bg.png":"style/img/index_resolve_bg.png","style/img/logo_cn.png":"style/img/logo_cn.png","style/img/logo_cn_ttd.png":"style/img/logo_cn_ttd.png","style/img/logo_en.png":"style/img/logo_en.png","style/img/logo_en_ttd.png":"style/img/logo_en_ttd.png","style/img/logo_footer_cn.png":"style/img/logo_footer_cn.png","style/img/logo_footer_cn_ttd.png":"style/img/logo_footer_cn_ttd.png","style/img/logo_footer_en.png":"style/img/logo_footer_en.png","style/img/logo_footer_en_ttd.png":"style/img/logo_footer_en_ttd.png","style/img/question_1.png":"style/img/question_1.png","style/img/question_2.png":"style/img/question_2.png","style/img/second_bg.png":"style/img/second_bg.png","style/sass/antd.min.css":"style/sass/antd.min.css","style/sass/docs.scss":"style/sass/docs.scss","style/sass/help.scss":"style/sass/help.scss","style/sass/index.scss":"style/sass/index.scss","style/sass/notice.scss":"style/sass/notice.scss","style/sass/ttd.scss":"style/sass/ttd.scss","style/svg/delete.svg":"style/svg/delete.svg","style/svg/down_arrow.svg":"style/svg/down_arrow.svg","style/svg/notice.svg":"style/svg/notice.svg","style/svg/right_arrow.svg":"style/svg/right_arrow.svg","style/svg/search.svg":"style/svg/search.svg","style/svg/up_arrow.svg":"style/svg/up_arrow.svg","style/sass/common/page.scss":"style/sass/common/page.scss","style/sass/common/widget.scss":"style/sass/common/widget.scss","style/sass/tpl/_font.tpl":"style/sass/tpl/_font.tpl","style/sass/utils/_all.scss":"style/sass/utils/_all.scss","style/sass/utils/_color.scss":"style/sass/utils/_color.scss","style/sass/utils/_common.scss":"style/sass/utils/_common.scss","style/sass/utils/_flex.scss":"style/sass/utils/_flex.scss","style/sass/utils/_font.scss":"style/sass/utils/_font.scss","style/sass/utils/_icon.scss":"style/sass/utils/_icon.scss","style/sass/utils/_reset.scss":"style/sass/utils/_reset.scss","vendor.js":"js/vendor-db7a6f.js","vendor":"js/vendor-db7a6f.js","index.js":"js/index-8b1d09.js","index":"js/index-8b1d09.js","js/2-5ccfad.js":"js/2-5ccfad.js","js/2-5ccfad":"js/2-5ccfad.js","js/3-159dfe.js":"js/3-159dfe.js","js/3-159dfe":"js/3-159dfe.js","js/4-cf8241.js":"js/4-cf8241.js","js/4-cf8241":"js/4-cf8241.js","js/5-8ca36b.js":"js/5-8ca36b.js","js/5-8ca36b":"js/5-8ca36b.js","js/6-d96bee.js":"js/6-d96bee.js","js/6-d96bee":"js/6-d96bee.js","js/7-e6ae9a.js":"js/7-e6ae9a.js","js/7-e6ae9a":"js/7-e6ae9a.js","js/vendor-db7a6f.js.LICENSE.txt":"js/vendor-db7a6f.js.LICENSE.txt"},"clientIp":"103.200.23.68"}}
              window.__PUBLIC_PATH__ = 'https://ak-s-cw.tripcdn.com/modules/vacation/tour-opentrip-online'
              window.cargoContext = {"cookies":null,"queries":{"locale":"zh-cn"},"path":null,"contextSource":{"locale":"queryString","strictLocale":"","currency":"default","measurement":"","temperature":"","hourclock":"","country":""}}
            })()
          </script><script>
            (function() {
							try {
								window.__INITIAL_STATE__ = undefined
							} catch(error) {
								console.log('parse initial-state failed', error.stack)
							}
            })()
          </script><script src="https://ak-s-cw.tripcdn.com/modules/vacation/tour-opentrip-online/js/vendor-db7a6f.js"></script><script src="https://ak-s-cw.tripcdn.com/modules/vacation/tour-opentrip-online/js/index-8b1d09.js"></script><script>
              ; (function() {
                  window.__bfi = window.__bfi || [];
                  if (! (window.$_bf && window.$_bf.loaded || window.$LAB || window.CtripJsLoader)) {
                      var a = new Date,
                      b = !1,
                      c = "?v=" + a.getFullYear() + a.getMonth() + "_" + a.getDate(),
                      a = document.createElement("script");
                      a.type = "text/javascript";
                      a.charset = "utf-8";
                      a.async = !0;
                      try {
                          b = "https:" == location.protocol
                      } catch(d) {}
                      a.src = ((b ? "https:": "http:")) + "//webresource.tripcdn.com/ares2/sysdev/ubt/*/default/_bfa.min.js" + c;
                      b = document.getElementsByTagName("script")[0];
                      b.parentNode.insertBefore(a, b)
                  }
              })();
            </script></body></html>

[2025-06-26 22:29:11] URL: https://ttdopen.ctrip.com/api/PayPreOrderConfirm.do
Payload: {"header":{"accountId":"9a61dfc211eab470","serviceName":"PayPreOrderConfirm","requestTime":"2025-06-26 22:29:10","version":"1.0","sign":"746c24d1ce5e4d86a86b95e149ebeca9"},"body":"mdoobfebjappcgfdjkdnlgjdcmgknfnjopglaljclkfmajbkfimhfdlmoljhchelkbdcdcpbkdefmbeabhlggpfeejjffmmggdenapooeammkgafhnemcjefebnfalbmmbpbojffhakhlikmoikdcpnggglebmdfaegdnedfmpplbhkoonheliofekmgephmieidegpmjimmpfpdbjfgnghgnegeajpedakiijdpemekjlfiioiaijkdhhnhphgiijdecpklkkhmfngfcmbddcgpkfajglnc"}
HTTP Code: 200
Response: <!DOCTYPE html><html><head><meta charSet="utf-8"/><meta http-equiv="X-UA-Compatible" content="IE=edge"/><meta name="author" content="Trip.com"/><meta name="viewport" content="width=device-width,initial-scale=1,maximum-scale=1,user-scalable=no"/><meta name="content-type" content="text/html; charset=UTF-8"/><title></title><meta name="description" content=""/><meta name="keywords" content=""/><link rel="shortcut icon" href="//ctrip.com/favicon.ico"/><link rel="stylesheet" type="text/css" href="https://ak-s-cw.tripcdn.com/modules/vacation/tour-opentrip-online/style/sass/antd.min.css"/><link rel="stylesheet" type="text/css" href="https://ak-s-cw.tripcdn.com/modules/vacation/tour-opentrip-online/style/style.1.1.70.1726044963894.css"/></head><body><div id="foo"></div><div id="root"></div><div id="bar"></div><div id="modal"></div><input type="hidden" id="page_id" value="wait"/><script>
            (function() {
              window.__APP_SETTINGS__ = {"type":"createHistory","basename":"","context":{"basename":"","publicPath":"https://ak-s-cw.tripcdn.com/modules/vacation/tour-opentrip-online","staticPath":"/static","restapi":"https://www.trip.com/restapi/soa2","env":"prod","appId":"100041145","h5Version":"1.1.70","preload":{},"assets":{"manifest.json":"manifest.json","commonTests/README.md":"commonTests/README.md","style/font.scss":"style/font.scss","style/import.css":"style/import.css","style/import.scss":"style/import.scss","style/style.1.1.70.1726044963894.css":"style/style.1.1.70.1726044963894.css","style/css/docs.1.1.70.1726044963894.css":"style/css/docs.1.1.70.1726044963894.css","style/css/help.1.1.70.1726044963894.css":"style/css/help.1.1.70.1726044963894.css","style/css/index.1.1.70.1726044963894.css":"style/css/index.1.1.70.1726044963894.css","style/css/notice.1.1.70.1726044963894.css":"style/css/notice.1.1.70.1726044963894.css","style/css/ttd.1.1.70.1726044963894.css":"style/css/ttd.1.1.70.1726044963894.css","style/assets/169c1b4002c5895b.ttf":"style/assets/169c1b4002c5895b.ttf","style/assets/1752deffbb28d68b.eot":"style/assets/1752deffbb28d68b.eot","style/assets/2b3851e16e88003d.svg":"style/assets/2b3851e16e88003d.svg","style/assets/2f12708aa8880959.woff":"style/assets/2f12708aa8880959.woff","style/assets/40c921c13890b8fc.svg":"style/assets/40c921c13890b8fc.svg","style/assets/4282a8f3ce4eea1f.ttf":"style/assets/4282a8f3ce4eea1f.ttf","style/assets/463c0fd6016631cb.svg":"style/assets/463c0fd6016631cb.svg","style/assets/4b5479aa64b4c8c4.png":"style/assets/4b5479aa64b4c8c4.png","style/assets/54b26ce01077d8ef.woff":"style/assets/54b26ce01077d8ef.woff","style/assets/7047ab7ba83cb6c0.eot":"style/assets/7047ab7ba83cb6c0.eot","style/assets/9a10b10dce021cb7.woff2":"style/assets/9a10b10dce021cb7.woff2","style/assets/bd6294ed4b1bc72d.ttf":"style/assets/bd6294ed4b1bc72d.ttf","style/assets/f2d78608ea2ae3a9.woff":"style/assets/f2d78608ea2ae3a9.woff","style/font/gico.eot":"style/font/gico.eot","style/font/gico.ttf":"style/font/gico.ttf","style/font/gico.woff":"style/font/gico.woff","style/img/404.png":"style/img/404.png","style/img/Trip.com_blue.png":"style/img/Trip.com_blue.png","style/img/Trip.com_white.png":"style/img/Trip.com_white.png","style/img/back_old_1.png":"style/img/back_old_1.png","style/img/back_old_2.png":"style/img/back_old_2.png","style/img/banner.jpg":"style/img/banner.jpg","style/img/help_docking.png":"style/img/help_docking.png","style/img/help_docking_active.png":"style/img/help_docking_active.png","style/img/help_order.png":"style/img/help_order.png","style/img/help_order_active.png":"style/img/help_order_active.png","style/img/help_other.png":"style/img/help_other.png","style/img/help_other_active.png":"style/img/help_other_active.png","style/img/help_process.png":"style/img/help_process.png","style/img/help_process_active.png":"style/img/help_process_active.png","style/img/help_safe.png":"style/img/help_safe.png","style/img/help_safe_active.png":"style/img/help_safe_active.png","style/img/help_sanbox.png":"style/img/help_sanbox.png","style/img/help_sanbox_active.png":"style/img/help_sanbox_active.png","style/img/index_advan_1.png":"style/img/index_advan_1.png","style/img/index_advan_2.png":"style/img/index_advan_2.png","style/img/index_advan_3.png":"style/img/index_advan_3.png","style/img/index_advan_4.png":"style/img/index_advan_4.png","style/img/index_advan_bg.png":"style/img/index_advan_bg.png","style/img/index_advan_icon.png":"style/img/index_advan_icon.png","style/img/index_banner.png":"style/img/index_banner.png","style/img/index_docking_1.png":"style/img/index_docking_1.png","style/img/index_docking_2.png":"style/img/index_docking_2.png","style/img/index_docking_bg.png":"style/img/index_docking_bg.png","style/img/index_play_1.png":"style/img/index_play_1.png","style/img/index_play_2.png":"style/img/index_play_2.png","style/img/index_process_1.png":"style/img/index_process_1.png","style/img/index_process_2.png":"style/img/index_process_2.png","style/img/index_process_3.png":"style/img/index_process_3.png","style/img/index_process_4.png":"style/img/index_process_4.png","style/img/index_resolve_bg.png":"style/img/index_resolve_bg.png","style/img/logo_cn.png":"style/img/logo_cn.png","style/img/logo_cn_ttd.png":"style/img/logo_cn_ttd.png","style/img/logo_en.png":"style/img/logo_en.png","style/img/logo_en_ttd.png":"style/img/logo_en_ttd.png","style/img/logo_footer_cn.png":"style/img/logo_footer_cn.png","style/img/logo_footer_cn_ttd.png":"style/img/logo_footer_cn_ttd.png","style/img/logo_footer_en.png":"style/img/logo_footer_en.png","style/img/logo_footer_en_ttd.png":"style/img/logo_footer_en_ttd.png","style/img/question_1.png":"style/img/question_1.png","style/img/question_2.png":"style/img/question_2.png","style/img/second_bg.png":"style/img/second_bg.png","style/sass/antd.min.css":"style/sass/antd.min.css","style/sass/docs.scss":"style/sass/docs.scss","style/sass/help.scss":"style/sass/help.scss","style/sass/index.scss":"style/sass/index.scss","style/sass/notice.scss":"style/sass/notice.scss","style/sass/ttd.scss":"style/sass/ttd.scss","style/svg/delete.svg":"style/svg/delete.svg","style/svg/down_arrow.svg":"style/svg/down_arrow.svg","style/svg/notice.svg":"style/svg/notice.svg","style/svg/right_arrow.svg":"style/svg/right_arrow.svg","style/svg/search.svg":"style/svg/search.svg","style/svg/up_arrow.svg":"style/svg/up_arrow.svg","style/sass/common/page.scss":"style/sass/common/page.scss","style/sass/common/widget.scss":"style/sass/common/widget.scss","style/sass/tpl/_font.tpl":"style/sass/tpl/_font.tpl","style/sass/utils/_all.scss":"style/sass/utils/_all.scss","style/sass/utils/_color.scss":"style/sass/utils/_color.scss","style/sass/utils/_common.scss":"style/sass/utils/_common.scss","style/sass/utils/_flex.scss":"style/sass/utils/_flex.scss","style/sass/utils/_font.scss":"style/sass/utils/_font.scss","style/sass/utils/_icon.scss":"style/sass/utils/_icon.scss","style/sass/utils/_reset.scss":"style/sass/utils/_reset.scss","vendor.js":"js/vendor-db7a6f.js","vendor":"js/vendor-db7a6f.js","index.js":"js/index-8b1d09.js","index":"js/index-8b1d09.js","js/2-5ccfad.js":"js/2-5ccfad.js","js/2-5ccfad":"js/2-5ccfad.js","js/3-159dfe.js":"js/3-159dfe.js","js/3-159dfe":"js/3-159dfe.js","js/4-cf8241.js":"js/4-cf8241.js","js/4-cf8241":"js/4-cf8241.js","js/5-8ca36b.js":"js/5-8ca36b.js","js/5-8ca36b":"js/5-8ca36b.js","js/6-d96bee.js":"js/6-d96bee.js","js/6-d96bee":"js/6-d96bee.js","js/7-e6ae9a.js":"js/7-e6ae9a.js","js/7-e6ae9a":"js/7-e6ae9a.js","js/vendor-db7a6f.js.LICENSE.txt":"js/vendor-db7a6f.js.LICENSE.txt"},"clientIp":"103.200.23.68"}}
              window.__PUBLIC_PATH__ = 'https://ak-s-cw.tripcdn.com/modules/vacation/tour-opentrip-online'
              window.cargoContext = {"cookies":null,"queries":{"locale":"zh-cn"},"path":null,"contextSource":{"locale":"queryString","strictLocale":"","currency":"default","measurement":"","temperature":"","hourclock":"","country":""}}
            })()
          </script><script>
            (function() {
							try {
								window.__INITIAL_STATE__ = undefined
							} catch(error) {
								console.log('parse initial-state failed', error.stack)
							}
            })()
          </script><script src="https://ak-s-cw.tripcdn.com/modules/vacation/tour-opentrip-online/js/vendor-db7a6f.js"></script><script src="https://ak-s-cw.tripcdn.com/modules/vacation/tour-opentrip-online/js/index-8b1d09.js"></script><script>
              ; (function() {
                  window.__bfi = window.__bfi || [];
                  if (! (window.$_bf && window.$_bf.loaded || window.$LAB || window.CtripJsLoader)) {
                      var a = new Date,
                      b = !1,
                      c = "?v=" + a.getFullYear() + a.getMonth() + "_" + a.getDate(),
                      a = document.createElement("script");
                      a.type = "text/javascript";
                      a.charset = "utf-8";
                      a.async = !0;
                      try {
                          b = "https:" == location.protocol
                      } catch(d) {}
                      a.src = ((b ? "https:": "http:")) + "//webresource.tripcdn.com/ares2/sysdev/ubt/*/default/_bfa.min.js" + c;
                      b = document.getElementsByTagName("script")[0];
                      b.parentNode.insertBefore(a, b)
                  }
              })();
            </script></body></html>

[2025-06-26 22:29:13] URL: https://ttdopen.ctrip.com/api/PayPreOrderConfirm.do
Payload: {"header":{"accountId":"9a61dfc211eab470","serviceName":"PayPreOrderConfirm","requestTime":"2025-06-26 22:29:12","version":"1.0","sign":"a1420894816073b0a3e1634528039e31"},"body":"mdoobfebjappcgfdjkdnlgjdcmgknfnjfiihcpbalfiidphikjhakbjaafbjdenemcjjodkjngckgnaopaecknehilnhilpebgipndkpiomlnobnpldofbaefgncopmddbkfnlfhijppianbokcbpngcbedmhbpnckkinlnnmnfoigddkkebiankeobdplpopbblaieeikhaghcohkknllklaiadhnnjchahlbmpikacdafbkhphefikkgoflomhdkjdikbdeampldlihlhpfnjmnnmpjkao"}
HTTP Code: 200
Response: <!DOCTYPE html><html><head><meta charSet="utf-8"/><meta http-equiv="X-UA-Compatible" content="IE=edge"/><meta name="author" content="Trip.com"/><meta name="viewport" content="width=device-width,initial-scale=1,maximum-scale=1,user-scalable=no"/><meta name="content-type" content="text/html; charset=UTF-8"/><title></title><meta name="description" content=""/><meta name="keywords" content=""/><link rel="shortcut icon" href="//ctrip.com/favicon.ico"/><link rel="stylesheet" type="text/css" href="https://ak-s-cw.tripcdn.com/modules/vacation/tour-opentrip-online/style/sass/antd.min.css"/><link rel="stylesheet" type="text/css" href="https://ak-s-cw.tripcdn.com/modules/vacation/tour-opentrip-online/style/style.1.1.70.1726044963894.css"/></head><body><div id="foo"></div><div id="root"></div><div id="bar"></div><div id="modal"></div><input type="hidden" id="page_id" value="wait"/><script>
            (function() {
              window.__APP_SETTINGS__ = {"type":"createHistory","basename":"","context":{"basename":"","publicPath":"https://ak-s-cw.tripcdn.com/modules/vacation/tour-opentrip-online","staticPath":"/static","restapi":"https://www.trip.com/restapi/soa2","env":"prod","appId":"100041145","h5Version":"1.1.70","preload":{},"assets":{"manifest.json":"manifest.json","commonTests/README.md":"commonTests/README.md","style/font.scss":"style/font.scss","style/import.css":"style/import.css","style/import.scss":"style/import.scss","style/style.1.1.70.1726044963894.css":"style/style.1.1.70.1726044963894.css","style/css/docs.1.1.70.1726044963894.css":"style/css/docs.1.1.70.1726044963894.css","style/css/help.1.1.70.1726044963894.css":"style/css/help.1.1.70.1726044963894.css","style/css/index.1.1.70.1726044963894.css":"style/css/index.1.1.70.1726044963894.css","style/css/notice.1.1.70.1726044963894.css":"style/css/notice.1.1.70.1726044963894.css","style/css/ttd.1.1.70.1726044963894.css":"style/css/ttd.1.1.70.1726044963894.css","style/assets/169c1b4002c5895b.ttf":"style/assets/169c1b4002c5895b.ttf","style/assets/1752deffbb28d68b.eot":"style/assets/1752deffbb28d68b.eot","style/assets/2b3851e16e88003d.svg":"style/assets/2b3851e16e88003d.svg","style/assets/2f12708aa8880959.woff":"style/assets/2f12708aa8880959.woff","style/assets/40c921c13890b8fc.svg":"style/assets/40c921c13890b8fc.svg","style/assets/4282a8f3ce4eea1f.ttf":"style/assets/4282a8f3ce4eea1f.ttf","style/assets/463c0fd6016631cb.svg":"style/assets/463c0fd6016631cb.svg","style/assets/4b5479aa64b4c8c4.png":"style/assets/4b5479aa64b4c8c4.png","style/assets/54b26ce01077d8ef.woff":"style/assets/54b26ce01077d8ef.woff","style/assets/7047ab7ba83cb6c0.eot":"style/assets/7047ab7ba83cb6c0.eot","style/assets/9a10b10dce021cb7.woff2":"style/assets/9a10b10dce021cb7.woff2","style/assets/bd6294ed4b1bc72d.ttf":"style/assets/bd6294ed4b1bc72d.ttf","style/assets/f2d78608ea2ae3a9.woff":"style/assets/f2d78608ea2ae3a9.woff","style/font/gico.eot":"style/font/gico.eot","style/font/gico.ttf":"style/font/gico.ttf","style/font/gico.woff":"style/font/gico.woff","style/img/404.png":"style/img/404.png","style/img/Trip.com_blue.png":"style/img/Trip.com_blue.png","style/img/Trip.com_white.png":"style/img/Trip.com_white.png","style/img/back_old_1.png":"style/img/back_old_1.png","style/img/back_old_2.png":"style/img/back_old_2.png","style/img/banner.jpg":"style/img/banner.jpg","style/img/help_docking.png":"style/img/help_docking.png","style/img/help_docking_active.png":"style/img/help_docking_active.png","style/img/help_order.png":"style/img/help_order.png","style/img/help_order_active.png":"style/img/help_order_active.png","style/img/help_other.png":"style/img/help_other.png","style/img/help_other_active.png":"style/img/help_other_active.png","style/img/help_process.png":"style/img/help_process.png","style/img/help_process_active.png":"style/img/help_process_active.png","style/img/help_safe.png":"style/img/help_safe.png","style/img/help_safe_active.png":"style/img/help_safe_active.png","style/img/help_sanbox.png":"style/img/help_sanbox.png","style/img/help_sanbox_active.png":"style/img/help_sanbox_active.png","style/img/index_advan_1.png":"style/img/index_advan_1.png","style/img/index_advan_2.png":"style/img/index_advan_2.png","style/img/index_advan_3.png":"style/img/index_advan_3.png","style/img/index_advan_4.png":"style/img/index_advan_4.png","style/img/index_advan_bg.png":"style/img/index_advan_bg.png","style/img/index_advan_icon.png":"style/img/index_advan_icon.png","style/img/index_banner.png":"style/img/index_banner.png","style/img/index_docking_1.png":"style/img/index_docking_1.png","style/img/index_docking_2.png":"style/img/index_docking_2.png","style/img/index_docking_bg.png":"style/img/index_docking_bg.png","style/img/index_play_1.png":"style/img/index_play_1.png","style/img/index_play_2.png":"style/img/index_play_2.png","style/img/index_process_1.png":"style/img/index_process_1.png","style/img/index_process_2.png":"style/img/index_process_2.png","style/img/index_process_3.png":"style/img/index_process_3.png","style/img/index_process_4.png":"style/img/index_process_4.png","style/img/index_resolve_bg.png":"style/img/index_resolve_bg.png","style/img/logo_cn.png":"style/img/logo_cn.png","style/img/logo_cn_ttd.png":"style/img/logo_cn_ttd.png","style/img/logo_en.png":"style/img/logo_en.png","style/img/logo_en_ttd.png":"style/img/logo_en_ttd.png","style/img/logo_footer_cn.png":"style/img/logo_footer_cn.png","style/img/logo_footer_cn_ttd.png":"style/img/logo_footer_cn_ttd.png","style/img/logo_footer_en.png":"style/img/logo_footer_en.png","style/img/logo_footer_en_ttd.png":"style/img/logo_footer_en_ttd.png","style/img/question_1.png":"style/img/question_1.png","style/img/question_2.png":"style/img/question_2.png","style/img/second_bg.png":"style/img/second_bg.png","style/sass/antd.min.css":"style/sass/antd.min.css","style/sass/docs.scss":"style/sass/docs.scss","style/sass/help.scss":"style/sass/help.scss","style/sass/index.scss":"style/sass/index.scss","style/sass/notice.scss":"style/sass/notice.scss","style/sass/ttd.scss":"style/sass/ttd.scss","style/svg/delete.svg":"style/svg/delete.svg","style/svg/down_arrow.svg":"style/svg/down_arrow.svg","style/svg/notice.svg":"style/svg/notice.svg","style/svg/right_arrow.svg":"style/svg/right_arrow.svg","style/svg/search.svg":"style/svg/search.svg","style/svg/up_arrow.svg":"style/svg/up_arrow.svg","style/sass/common/page.scss":"style/sass/common/page.scss","style/sass/common/widget.scss":"style/sass/common/widget.scss","style/sass/tpl/_font.tpl":"style/sass/tpl/_font.tpl","style/sass/utils/_all.scss":"style/sass/utils/_all.scss","style/sass/utils/_color.scss":"style/sass/utils/_color.scss","style/sass/utils/_common.scss":"style/sass/utils/_common.scss","style/sass/utils/_flex.scss":"style/sass/utils/_flex.scss","style/sass/utils/_font.scss":"style/sass/utils/_font.scss","style/sass/utils/_icon.scss":"style/sass/utils/_icon.scss","style/sass/utils/_reset.scss":"style/sass/utils/_reset.scss","vendor.js":"js/vendor-db7a6f.js","vendor":"js/vendor-db7a6f.js","index.js":"js/index-8b1d09.js","index":"js/index-8b1d09.js","js/2-5ccfad.js":"js/2-5ccfad.js","js/2-5ccfad":"js/2-5ccfad.js","js/3-159dfe.js":"js/3-159dfe.js","js/3-159dfe":"js/3-159dfe.js","js/4-cf8241.js":"js/4-cf8241.js","js/4-cf8241":"js/4-cf8241.js","js/5-8ca36b.js":"js/5-8ca36b.js","js/5-8ca36b":"js/5-8ca36b.js","js/6-d96bee.js":"js/6-d96bee.js","js/6-d96bee":"js/6-d96bee.js","js/7-e6ae9a.js":"js/7-e6ae9a.js","js/7-e6ae9a":"js/7-e6ae9a.js","js/vendor-db7a6f.js.LICENSE.txt":"js/vendor-db7a6f.js.LICENSE.txt"},"clientIp":"103.200.23.68"}}
              window.__PUBLIC_PATH__ = 'https://ak-s-cw.tripcdn.com/modules/vacation/tour-opentrip-online'
              window.cargoContext = {"cookies":null,"queries":{"locale":"zh-cn"},"path":null,"contextSource":{"locale":"queryString","strictLocale":"","currency":"default","measurement":"","temperature":"","hourclock":"","country":""}}
            })()
          </script><script>
            (function() {
							try {
								window.__INITIAL_STATE__ = undefined
							} catch(error) {
								console.log('parse initial-state failed', error.stack)
							}
            })()
          </script><script src="https://ak-s-cw.tripcdn.com/modules/vacation/tour-opentrip-online/js/vendor-db7a6f.js"></script><script src="https://ak-s-cw.tripcdn.com/modules/vacation/tour-opentrip-online/js/index-8b1d09.js"></script><script>
              ; (function() {
                  window.__bfi = window.__bfi || [];
                  if (! (window.$_bf && window.$_bf.loaded || window.$LAB || window.CtripJsLoader)) {
                      var a = new Date,
                      b = !1,
                      c = "?v=" + a.getFullYear() + a.getMonth() + "_" + a.getDate(),
                      a = document.createElement("script");
                      a.type = "text/javascript";
                      a.charset = "utf-8";
                      a.async = !0;
                      try {
                          b = "https:" == location.protocol
                      } catch(d) {}
                      a.src = ((b ? "https:": "http:")) + "//webresource.tripcdn.com/ares2/sysdev/ubt/*/default/_bfa.min.js" + c;
                      b = document.getElementsByTagName("script")[0];
                      b.parentNode.insertBefore(a, b)
                  }
              })();
            </script></body></html>

[2025-06-26 22:29:13] URL: https://ttdopen.ctrip.com/api/PayPreOrderConfirm.do
Payload: {"header":{"accountId":"9a61dfc211eab470","serviceName":"PayPreOrderConfirm","requestTime":"2025-06-26 22:29:12","version":"1.0","sign":"30285c8cfd15fb17d3d6b3b88a1aa731"},"body":"mdoobfebjappcgfdjkdnlgjdcmgknfnjbbhkmobpcipjfeoncbbjefbghjopjmondgggdaimjocdepiedejippkbhdpanllnbdoaiceonkelfihoncbaallihijcoijjjmodjheaglkkopgkeoifjbfkadpbapogjkkdhkjngncpoceclocgjiikbdcnmjdobbmaelhcefkagcnmmfhimooahpbpnhhhlojlpoccoifjgghkccbdfcmbgmdbjnjikflefnoepamljhakmfpojgahppekbgjo"}
HTTP Code: 200
Response: <!DOCTYPE html><html><head><meta charSet="utf-8"/><meta http-equiv="X-UA-Compatible" content="IE=edge"/><meta name="author" content="Trip.com"/><meta name="viewport" content="width=device-width,initial-scale=1,maximum-scale=1,user-scalable=no"/><meta name="content-type" content="text/html; charset=UTF-8"/><title></title><meta name="description" content=""/><meta name="keywords" content=""/><link rel="shortcut icon" href="//ctrip.com/favicon.ico"/><link rel="stylesheet" type="text/css" href="https://ak-s-cw.tripcdn.com/modules/vacation/tour-opentrip-online/style/sass/antd.min.css"/><link rel="stylesheet" type="text/css" href="https://ak-s-cw.tripcdn.com/modules/vacation/tour-opentrip-online/style/style.1.1.70.1726044963894.css"/></head><body><div id="foo"></div><div id="root"></div><div id="bar"></div><div id="modal"></div><input type="hidden" id="page_id" value="wait"/><script>
            (function() {
              window.__APP_SETTINGS__ = {"type":"createHistory","basename":"","context":{"basename":"","publicPath":"https://ak-s-cw.tripcdn.com/modules/vacation/tour-opentrip-online","staticPath":"/static","restapi":"https://www.trip.com/restapi/soa2","env":"prod","appId":"100041145","h5Version":"1.1.70","preload":{},"assets":{"manifest.json":"manifest.json","commonTests/README.md":"commonTests/README.md","style/font.scss":"style/font.scss","style/import.css":"style/import.css","style/import.scss":"style/import.scss","style/style.1.1.70.1726044963894.css":"style/style.1.1.70.1726044963894.css","style/css/docs.1.1.70.1726044963894.css":"style/css/docs.1.1.70.1726044963894.css","style/css/help.1.1.70.1726044963894.css":"style/css/help.1.1.70.1726044963894.css","style/css/index.1.1.70.1726044963894.css":"style/css/index.1.1.70.1726044963894.css","style/css/notice.1.1.70.1726044963894.css":"style/css/notice.1.1.70.1726044963894.css","style/css/ttd.1.1.70.1726044963894.css":"style/css/ttd.1.1.70.1726044963894.css","style/assets/169c1b4002c5895b.ttf":"style/assets/169c1b4002c5895b.ttf","style/assets/1752deffbb28d68b.eot":"style/assets/1752deffbb28d68b.eot","style/assets/2b3851e16e88003d.svg":"style/assets/2b3851e16e88003d.svg","style/assets/2f12708aa8880959.woff":"style/assets/2f12708aa8880959.woff","style/assets/40c921c13890b8fc.svg":"style/assets/40c921c13890b8fc.svg","style/assets/4282a8f3ce4eea1f.ttf":"style/assets/4282a8f3ce4eea1f.ttf","style/assets/463c0fd6016631cb.svg":"style/assets/463c0fd6016631cb.svg","style/assets/4b5479aa64b4c8c4.png":"style/assets/4b5479aa64b4c8c4.png","style/assets/54b26ce01077d8ef.woff":"style/assets/54b26ce01077d8ef.woff","style/assets/7047ab7ba83cb6c0.eot":"style/assets/7047ab7ba83cb6c0.eot","style/assets/9a10b10dce021cb7.woff2":"style/assets/9a10b10dce021cb7.woff2","style/assets/bd6294ed4b1bc72d.ttf":"style/assets/bd6294ed4b1bc72d.ttf","style/assets/f2d78608ea2ae3a9.woff":"style/assets/f2d78608ea2ae3a9.woff","style/font/gico.eot":"style/font/gico.eot","style/font/gico.ttf":"style/font/gico.ttf","style/font/gico.woff":"style/font/gico.woff","style/img/404.png":"style/img/404.png","style/img/Trip.com_blue.png":"style/img/Trip.com_blue.png","style/img/Trip.com_white.png":"style/img/Trip.com_white.png","style/img/back_old_1.png":"style/img/back_old_1.png","style/img/back_old_2.png":"style/img/back_old_2.png","style/img/banner.jpg":"style/img/banner.jpg","style/img/help_docking.png":"style/img/help_docking.png","style/img/help_docking_active.png":"style/img/help_docking_active.png","style/img/help_order.png":"style/img/help_order.png","style/img/help_order_active.png":"style/img/help_order_active.png","style/img/help_other.png":"style/img/help_other.png","style/img/help_other_active.png":"style/img/help_other_active.png","style/img/help_process.png":"style/img/help_process.png","style/img/help_process_active.png":"style/img/help_process_active.png","style/img/help_safe.png":"style/img/help_safe.png","style/img/help_safe_active.png":"style/img/help_safe_active.png","style/img/help_sanbox.png":"style/img/help_sanbox.png","style/img/help_sanbox_active.png":"style/img/help_sanbox_active.png","style/img/index_advan_1.png":"style/img/index_advan_1.png","style/img/index_advan_2.png":"style/img/index_advan_2.png","style/img/index_advan_3.png":"style/img/index_advan_3.png","style/img/index_advan_4.png":"style/img/index_advan_4.png","style/img/index_advan_bg.png":"style/img/index_advan_bg.png","style/img/index_advan_icon.png":"style/img/index_advan_icon.png","style/img/index_banner.png":"style/img/index_banner.png","style/img/index_docking_1.png":"style/img/index_docking_1.png","style/img/index_docking_2.png":"style/img/index_docking_2.png","style/img/index_docking_bg.png":"style/img/index_docking_bg.png","style/img/index_play_1.png":"style/img/index_play_1.png","style/img/index_play_2.png":"style/img/index_play_2.png","style/img/index_process_1.png":"style/img/index_process_1.png","style/img/index_process_2.png":"style/img/index_process_2.png","style/img/index_process_3.png":"style/img/index_process_3.png","style/img/index_process_4.png":"style/img/index_process_4.png","style/img/index_resolve_bg.png":"style/img/index_resolve_bg.png","style/img/logo_cn.png":"style/img/logo_cn.png","style/img/logo_cn_ttd.png":"style/img/logo_cn_ttd.png","style/img/logo_en.png":"style/img/logo_en.png","style/img/logo_en_ttd.png":"style/img/logo_en_ttd.png","style/img/logo_footer_cn.png":"style/img/logo_footer_cn.png","style/img/logo_footer_cn_ttd.png":"style/img/logo_footer_cn_ttd.png","style/img/logo_footer_en.png":"style/img/logo_footer_en.png","style/img/logo_footer_en_ttd.png":"style/img/logo_footer_en_ttd.png","style/img/question_1.png":"style/img/question_1.png","style/img/question_2.png":"style/img/question_2.png","style/img/second_bg.png":"style/img/second_bg.png","style/sass/antd.min.css":"style/sass/antd.min.css","style/sass/docs.scss":"style/sass/docs.scss","style/sass/help.scss":"style/sass/help.scss","style/sass/index.scss":"style/sass/index.scss","style/sass/notice.scss":"style/sass/notice.scss","style/sass/ttd.scss":"style/sass/ttd.scss","style/svg/delete.svg":"style/svg/delete.svg","style/svg/down_arrow.svg":"style/svg/down_arrow.svg","style/svg/notice.svg":"style/svg/notice.svg","style/svg/right_arrow.svg":"style/svg/right_arrow.svg","style/svg/search.svg":"style/svg/search.svg","style/svg/up_arrow.svg":"style/svg/up_arrow.svg","style/sass/common/page.scss":"style/sass/common/page.scss","style/sass/common/widget.scss":"style/sass/common/widget.scss","style/sass/tpl/_font.tpl":"style/sass/tpl/_font.tpl","style/sass/utils/_all.scss":"style/sass/utils/_all.scss","style/sass/utils/_color.scss":"style/sass/utils/_color.scss","style/sass/utils/_common.scss":"style/sass/utils/_common.scss","style/sass/utils/_flex.scss":"style/sass/utils/_flex.scss","style/sass/utils/_font.scss":"style/sass/utils/_font.scss","style/sass/utils/_icon.scss":"style/sass/utils/_icon.scss","style/sass/utils/_reset.scss":"style/sass/utils/_reset.scss","vendor.js":"js/vendor-db7a6f.js","vendor":"js/vendor-db7a6f.js","index.js":"js/index-8b1d09.js","index":"js/index-8b1d09.js","js/2-5ccfad.js":"js/2-5ccfad.js","js/2-5ccfad":"js/2-5ccfad.js","js/3-159dfe.js":"js/3-159dfe.js","js/3-159dfe":"js/3-159dfe.js","js/4-cf8241.js":"js/4-cf8241.js","js/4-cf8241":"js/4-cf8241.js","js/5-8ca36b.js":"js/5-8ca36b.js","js/5-8ca36b":"js/5-8ca36b.js","js/6-d96bee.js":"js/6-d96bee.js","js/6-d96bee":"js/6-d96bee.js","js/7-e6ae9a.js":"js/7-e6ae9a.js","js/7-e6ae9a":"js/7-e6ae9a.js","js/vendor-db7a6f.js.LICENSE.txt":"js/vendor-db7a6f.js.LICENSE.txt"},"clientIp":"103.200.23.68"}}
              window.__PUBLIC_PATH__ = 'https://ak-s-cw.tripcdn.com/modules/vacation/tour-opentrip-online'
              window.cargoContext = {"cookies":null,"queries":{"locale":"zh-cn"},"path":null,"contextSource":{"locale":"queryString","strictLocale":"","currency":"default","measurement":"","temperature":"","hourclock":"","country":""}}
            })()
          </script><script>
            (function() {
							try {
								window.__INITIAL_STATE__ = undefined
							} catch(error) {
								console.log('parse initial-state failed', error.stack)
							}
            })()
          </script><script src="https://ak-s-cw.tripcdn.com/modules/vacation/tour-opentrip-online/js/vendor-db7a6f.js"></script><script src="https://ak-s-cw.tripcdn.com/modules/vacation/tour-opentrip-online/js/index-8b1d09.js"></script><script>
              ; (function() {
                  window.__bfi = window.__bfi || [];
                  if (! (window.$_bf && window.$_bf.loaded || window.$LAB || window.CtripJsLoader)) {
                      var a = new Date,
                      b = !1,
                      c = "?v=" + a.getFullYear() + a.getMonth() + "_" + a.getDate(),
                      a = document.createElement("script");
                      a.type = "text/javascript";
                      a.charset = "utf-8";
                      a.async = !0;
                      try {
                          b = "https:" == location.protocol
                      } catch(d) {}
                      a.src = ((b ? "https:": "http:")) + "//webresource.tripcdn.com/ares2/sysdev/ubt/*/default/_bfa.min.js" + c;
                      b = document.getElementsByTagName("script")[0];
                      b.parentNode.insertBefore(a, b)
                  }
              })();
            </script></body></html>

[2025-06-26 22:30:49] URL: https://ttdopen.ctrip.com/api/PayPreOrderConfirm.do
Payload: {"header":{"accountId":"9a61dfc211eab470","serviceName":"PayPreOrderConfirm","requestTime":"2025-06-26 22:30:48","version":"1.0","sign":"a00bc7cfc62a82e42fcab9e24f671c84"},"body":"mdoobfebjappcgfdjkdnlgjdcmgknfnjojebbnbmnbmpkdmdobidkdbdocgohiaobhfklfgljgopldgbfjbbjopgmfphjndiggffffhpjkogbipjgahfpnnphekdcmkoagjngneboneaihhmgbcndpdbhnijcaoapgmclenfmlldcjlfokgidmbfjhhailpcagghnipaoeilambfhekmdiiifnbgjlijockhnpacclflfelnhbajdpcobfaphpfkdkdneengflgndkcgnbganihickinekfm"}
HTTP Code: 200
Response: <!DOCTYPE html><html><head><meta charSet="utf-8"/><meta http-equiv="X-UA-Compatible" content="IE=edge"/><meta name="author" content="Trip.com"/><meta name="viewport" content="width=device-width,initial-scale=1,maximum-scale=1,user-scalable=no"/><meta name="content-type" content="text/html; charset=UTF-8"/><title></title><meta name="description" content=""/><meta name="keywords" content=""/><link rel="shortcut icon" href="//ctrip.com/favicon.ico"/><link rel="stylesheet" type="text/css" href="https://ak-s-cw.tripcdn.com/modules/vacation/tour-opentrip-online/style/sass/antd.min.css"/><link rel="stylesheet" type="text/css" href="https://ak-s-cw.tripcdn.com/modules/vacation/tour-opentrip-online/style/style.1.1.70.1726044963894.css"/></head><body><div id="foo"></div><div id="root"></div><div id="bar"></div><div id="modal"></div><input type="hidden" id="page_id" value="wait"/><script>
            (function() {
              window.__APP_SETTINGS__ = {"type":"createHistory","basename":"","context":{"basename":"","publicPath":"https://ak-s-cw.tripcdn.com/modules/vacation/tour-opentrip-online","staticPath":"/static","restapi":"https://www.trip.com/restapi/soa2","env":"prod","appId":"100041145","h5Version":"1.1.70","preload":{},"assets":{"manifest.json":"manifest.json","commonTests/README.md":"commonTests/README.md","style/font.scss":"style/font.scss","style/import.css":"style/import.css","style/import.scss":"style/import.scss","style/style.1.1.70.1726044963894.css":"style/style.1.1.70.1726044963894.css","style/css/docs.1.1.70.1726044963894.css":"style/css/docs.1.1.70.1726044963894.css","style/css/help.1.1.70.1726044963894.css":"style/css/help.1.1.70.1726044963894.css","style/css/index.1.1.70.1726044963894.css":"style/css/index.1.1.70.1726044963894.css","style/css/notice.1.1.70.1726044963894.css":"style/css/notice.1.1.70.1726044963894.css","style/css/ttd.1.1.70.1726044963894.css":"style/css/ttd.1.1.70.1726044963894.css","style/assets/169c1b4002c5895b.ttf":"style/assets/169c1b4002c5895b.ttf","style/assets/1752deffbb28d68b.eot":"style/assets/1752deffbb28d68b.eot","style/assets/2b3851e16e88003d.svg":"style/assets/2b3851e16e88003d.svg","style/assets/2f12708aa8880959.woff":"style/assets/2f12708aa8880959.woff","style/assets/40c921c13890b8fc.svg":"style/assets/40c921c13890b8fc.svg","style/assets/4282a8f3ce4eea1f.ttf":"style/assets/4282a8f3ce4eea1f.ttf","style/assets/463c0fd6016631cb.svg":"style/assets/463c0fd6016631cb.svg","style/assets/4b5479aa64b4c8c4.png":"style/assets/4b5479aa64b4c8c4.png","style/assets/54b26ce01077d8ef.woff":"style/assets/54b26ce01077d8ef.woff","style/assets/7047ab7ba83cb6c0.eot":"style/assets/7047ab7ba83cb6c0.eot","style/assets/9a10b10dce021cb7.woff2":"style/assets/9a10b10dce021cb7.woff2","style/assets/bd6294ed4b1bc72d.ttf":"style/assets/bd6294ed4b1bc72d.ttf","style/assets/f2d78608ea2ae3a9.woff":"style/assets/f2d78608ea2ae3a9.woff","style/font/gico.eot":"style/font/gico.eot","style/font/gico.ttf":"style/font/gico.ttf","style/font/gico.woff":"style/font/gico.woff","style/img/404.png":"style/img/404.png","style/img/Trip.com_blue.png":"style/img/Trip.com_blue.png","style/img/Trip.com_white.png":"style/img/Trip.com_white.png","style/img/back_old_1.png":"style/img/back_old_1.png","style/img/back_old_2.png":"style/img/back_old_2.png","style/img/banner.jpg":"style/img/banner.jpg","style/img/help_docking.png":"style/img/help_docking.png","style/img/help_docking_active.png":"style/img/help_docking_active.png","style/img/help_order.png":"style/img/help_order.png","style/img/help_order_active.png":"style/img/help_order_active.png","style/img/help_other.png":"style/img/help_other.png","style/img/help_other_active.png":"style/img/help_other_active.png","style/img/help_process.png":"style/img/help_process.png","style/img/help_process_active.png":"style/img/help_process_active.png","style/img/help_safe.png":"style/img/help_safe.png","style/img/help_safe_active.png":"style/img/help_safe_active.png","style/img/help_sanbox.png":"style/img/help_sanbox.png","style/img/help_sanbox_active.png":"style/img/help_sanbox_active.png","style/img/index_advan_1.png":"style/img/index_advan_1.png","style/img/index_advan_2.png":"style/img/index_advan_2.png","style/img/index_advan_3.png":"style/img/index_advan_3.png","style/img/index_advan_4.png":"style/img/index_advan_4.png","style/img/index_advan_bg.png":"style/img/index_advan_bg.png","style/img/index_advan_icon.png":"style/img/index_advan_icon.png","style/img/index_banner.png":"style/img/index_banner.png","style/img/index_docking_1.png":"style/img/index_docking_1.png","style/img/index_docking_2.png":"style/img/index_docking_2.png","style/img/index_docking_bg.png":"style/img/index_docking_bg.png","style/img/index_play_1.png":"style/img/index_play_1.png","style/img/index_play_2.png":"style/img/index_play_2.png","style/img/index_process_1.png":"style/img/index_process_1.png","style/img/index_process_2.png":"style/img/index_process_2.png","style/img/index_process_3.png":"style/img/index_process_3.png","style/img/index_process_4.png":"style/img/index_process_4.png","style/img/index_resolve_bg.png":"style/img/index_resolve_bg.png","style/img/logo_cn.png":"style/img/logo_cn.png","style/img/logo_cn_ttd.png":"style/img/logo_cn_ttd.png","style/img/logo_en.png":"style/img/logo_en.png","style/img/logo_en_ttd.png":"style/img/logo_en_ttd.png","style/img/logo_footer_cn.png":"style/img/logo_footer_cn.png","style/img/logo_footer_cn_ttd.png":"style/img/logo_footer_cn_ttd.png","style/img/logo_footer_en.png":"style/img/logo_footer_en.png","style/img/logo_footer_en_ttd.png":"style/img/logo_footer_en_ttd.png","style/img/question_1.png":"style/img/question_1.png","style/img/question_2.png":"style/img/question_2.png","style/img/second_bg.png":"style/img/second_bg.png","style/sass/antd.min.css":"style/sass/antd.min.css","style/sass/docs.scss":"style/sass/docs.scss","style/sass/help.scss":"style/sass/help.scss","style/sass/index.scss":"style/sass/index.scss","style/sass/notice.scss":"style/sass/notice.scss","style/sass/ttd.scss":"style/sass/ttd.scss","style/svg/delete.svg":"style/svg/delete.svg","style/svg/down_arrow.svg":"style/svg/down_arrow.svg","style/svg/notice.svg":"style/svg/notice.svg","style/svg/right_arrow.svg":"style/svg/right_arrow.svg","style/svg/search.svg":"style/svg/search.svg","style/svg/up_arrow.svg":"style/svg/up_arrow.svg","style/sass/common/page.scss":"style/sass/common/page.scss","style/sass/common/widget.scss":"style/sass/common/widget.scss","style/sass/tpl/_font.tpl":"style/sass/tpl/_font.tpl","style/sass/utils/_all.scss":"style/sass/utils/_all.scss","style/sass/utils/_color.scss":"style/sass/utils/_color.scss","style/sass/utils/_common.scss":"style/sass/utils/_common.scss","style/sass/utils/_flex.scss":"style/sass/utils/_flex.scss","style/sass/utils/_font.scss":"style/sass/utils/_font.scss","style/sass/utils/_icon.scss":"style/sass/utils/_icon.scss","style/sass/utils/_reset.scss":"style/sass/utils/_reset.scss","vendor.js":"js/vendor-db7a6f.js","vendor":"js/vendor-db7a6f.js","index.js":"js/index-8b1d09.js","index":"js/index-8b1d09.js","js/2-5ccfad.js":"js/2-5ccfad.js","js/2-5ccfad":"js/2-5ccfad.js","js/3-159dfe.js":"js/3-159dfe.js","js/3-159dfe":"js/3-159dfe.js","js/4-cf8241.js":"js/4-cf8241.js","js/4-cf8241":"js/4-cf8241.js","js/5-8ca36b.js":"js/5-8ca36b.js","js/5-8ca36b":"js/5-8ca36b.js","js/6-d96bee.js":"js/6-d96bee.js","js/6-d96bee":"js/6-d96bee.js","js/7-e6ae9a.js":"js/7-e6ae9a.js","js/7-e6ae9a":"js/7-e6ae9a.js","js/vendor-db7a6f.js.LICENSE.txt":"js/vendor-db7a6f.js.LICENSE.txt"},"clientIp":"103.200.23.68"}}
              window.__PUBLIC_PATH__ = 'https://ak-s-cw.tripcdn.com/modules/vacation/tour-opentrip-online'
              window.cargoContext = {"cookies":null,"queries":{"locale":"zh-cn"},"path":null,"contextSource":{"locale":"queryString","strictLocale":"","currency":"default","measurement":"","temperature":"","hourclock":"","country":""}}
            })()
          </script><script>
            (function() {
							try {
								window.__INITIAL_STATE__ = undefined
							} catch(error) {
								console.log('parse initial-state failed', error.stack)
							}
            })()
          </script><script src="https://ak-s-cw.tripcdn.com/modules/vacation/tour-opentrip-online/js/vendor-db7a6f.js"></script><script src="https://ak-s-cw.tripcdn.com/modules/vacation/tour-opentrip-online/js/index-8b1d09.js"></script><script>
              ; (function() {
                  window.__bfi = window.__bfi || [];
                  if (! (window.$_bf && window.$_bf.loaded || window.$LAB || window.CtripJsLoader)) {
                      var a = new Date,
                      b = !1,
                      c = "?v=" + a.getFullYear() + a.getMonth() + "_" + a.getDate(),
                      a = document.createElement("script");
                      a.type = "text/javascript";
                      a.charset = "utf-8";
                      a.async = !0;
                      try {
                          b = "https:" == location.protocol
                      } catch(d) {}
                      a.src = ((b ? "https:": "http:")) + "//webresource.tripcdn.com/ares2/sysdev/ubt/*/default/_bfa.min.js" + c;
                      b = document.getElementsByTagName("script")[0];
                      b.parentNode.insertBefore(a, b)
                  }
              })();
            </script></body></html>

[2025-06-26 22:30:51] URL: https://ttdopen.ctrip.com/api/PayPreOrderConfirm.do
Payload: {"header":{"accountId":"9a61dfc211eab470","serviceName":"PayPreOrderConfirm","requestTime":"2025-06-26 22:30:50","version":"1.0","sign":"d3cc9dbe47b9cdf30f5764919e758f46"},"body":"mdoobfebjappcgfdjkdnlgjdcmgknfnjioimfapplamnpjhibegeiecdnclgpofpjngeihilpcfomfkmbdhedpfpkagaabghiogdjlkldianahipebenfildankaifnbnpamggcipdhdoohblehbfbgajfdlelllofekgmhfdgcfpfbjmaekoggmlakdacjngdnalgelhgkejnfphijdcmpalknoifblinjmjgkgoipfpkngcoiagknkgjpidchnggamengdpplipnooobhpohemjapadmnh"}
HTTP Code: 200
Response: <!DOCTYPE html><html><head><meta charSet="utf-8"/><meta http-equiv="X-UA-Compatible" content="IE=edge"/><meta name="author" content="Trip.com"/><meta name="viewport" content="width=device-width,initial-scale=1,maximum-scale=1,user-scalable=no"/><meta name="content-type" content="text/html; charset=UTF-8"/><title></title><meta name="description" content=""/><meta name="keywords" content=""/><link rel="shortcut icon" href="//ctrip.com/favicon.ico"/><link rel="stylesheet" type="text/css" href="https://ak-s-cw.tripcdn.com/modules/vacation/tour-opentrip-online/style/sass/antd.min.css"/><link rel="stylesheet" type="text/css" href="https://ak-s-cw.tripcdn.com/modules/vacation/tour-opentrip-online/style/style.1.1.70.1726044963894.css"/></head><body><div id="foo"></div><div id="root"></div><div id="bar"></div><div id="modal"></div><input type="hidden" id="page_id" value="wait"/><script>
            (function() {
              window.__APP_SETTINGS__ = {"type":"createHistory","basename":"","context":{"basename":"","publicPath":"https://ak-s-cw.tripcdn.com/modules/vacation/tour-opentrip-online","staticPath":"/static","restapi":"https://www.trip.com/restapi/soa2","env":"prod","appId":"100041145","h5Version":"1.1.70","preload":{},"assets":{"manifest.json":"manifest.json","commonTests/README.md":"commonTests/README.md","style/font.scss":"style/font.scss","style/import.css":"style/import.css","style/import.scss":"style/import.scss","style/style.1.1.70.1726044963894.css":"style/style.1.1.70.1726044963894.css","style/css/docs.1.1.70.1726044963894.css":"style/css/docs.1.1.70.1726044963894.css","style/css/help.1.1.70.1726044963894.css":"style/css/help.1.1.70.1726044963894.css","style/css/index.1.1.70.1726044963894.css":"style/css/index.1.1.70.1726044963894.css","style/css/notice.1.1.70.1726044963894.css":"style/css/notice.1.1.70.1726044963894.css","style/css/ttd.1.1.70.1726044963894.css":"style/css/ttd.1.1.70.1726044963894.css","style/assets/169c1b4002c5895b.ttf":"style/assets/169c1b4002c5895b.ttf","style/assets/1752deffbb28d68b.eot":"style/assets/1752deffbb28d68b.eot","style/assets/2b3851e16e88003d.svg":"style/assets/2b3851e16e88003d.svg","style/assets/2f12708aa8880959.woff":"style/assets/2f12708aa8880959.woff","style/assets/40c921c13890b8fc.svg":"style/assets/40c921c13890b8fc.svg","style/assets/4282a8f3ce4eea1f.ttf":"style/assets/4282a8f3ce4eea1f.ttf","style/assets/463c0fd6016631cb.svg":"style/assets/463c0fd6016631cb.svg","style/assets/4b5479aa64b4c8c4.png":"style/assets/4b5479aa64b4c8c4.png","style/assets/54b26ce01077d8ef.woff":"style/assets/54b26ce01077d8ef.woff","style/assets/7047ab7ba83cb6c0.eot":"style/assets/7047ab7ba83cb6c0.eot","style/assets/9a10b10dce021cb7.woff2":"style/assets/9a10b10dce021cb7.woff2","style/assets/bd6294ed4b1bc72d.ttf":"style/assets/bd6294ed4b1bc72d.ttf","style/assets/f2d78608ea2ae3a9.woff":"style/assets/f2d78608ea2ae3a9.woff","style/font/gico.eot":"style/font/gico.eot","style/font/gico.ttf":"style/font/gico.ttf","style/font/gico.woff":"style/font/gico.woff","style/img/404.png":"style/img/404.png","style/img/Trip.com_blue.png":"style/img/Trip.com_blue.png","style/img/Trip.com_white.png":"style/img/Trip.com_white.png","style/img/back_old_1.png":"style/img/back_old_1.png","style/img/back_old_2.png":"style/img/back_old_2.png","style/img/banner.jpg":"style/img/banner.jpg","style/img/help_docking.png":"style/img/help_docking.png","style/img/help_docking_active.png":"style/img/help_docking_active.png","style/img/help_order.png":"style/img/help_order.png","style/img/help_order_active.png":"style/img/help_order_active.png","style/img/help_other.png":"style/img/help_other.png","style/img/help_other_active.png":"style/img/help_other_active.png","style/img/help_process.png":"style/img/help_process.png","style/img/help_process_active.png":"style/img/help_process_active.png","style/img/help_safe.png":"style/img/help_safe.png","style/img/help_safe_active.png":"style/img/help_safe_active.png","style/img/help_sanbox.png":"style/img/help_sanbox.png","style/img/help_sanbox_active.png":"style/img/help_sanbox_active.png","style/img/index_advan_1.png":"style/img/index_advan_1.png","style/img/index_advan_2.png":"style/img/index_advan_2.png","style/img/index_advan_3.png":"style/img/index_advan_3.png","style/img/index_advan_4.png":"style/img/index_advan_4.png","style/img/index_advan_bg.png":"style/img/index_advan_bg.png","style/img/index_advan_icon.png":"style/img/index_advan_icon.png","style/img/index_banner.png":"style/img/index_banner.png","style/img/index_docking_1.png":"style/img/index_docking_1.png","style/img/index_docking_2.png":"style/img/index_docking_2.png","style/img/index_docking_bg.png":"style/img/index_docking_bg.png","style/img/index_play_1.png":"style/img/index_play_1.png","style/img/index_play_2.png":"style/img/index_play_2.png","style/img/index_process_1.png":"style/img/index_process_1.png","style/img/index_process_2.png":"style/img/index_process_2.png","style/img/index_process_3.png":"style/img/index_process_3.png","style/img/index_process_4.png":"style/img/index_process_4.png","style/img/index_resolve_bg.png":"style/img/index_resolve_bg.png","style/img/logo_cn.png":"style/img/logo_cn.png","style/img/logo_cn_ttd.png":"style/img/logo_cn_ttd.png","style/img/logo_en.png":"style/img/logo_en.png","style/img/logo_en_ttd.png":"style/img/logo_en_ttd.png","style/img/logo_footer_cn.png":"style/img/logo_footer_cn.png","style/img/logo_footer_cn_ttd.png":"style/img/logo_footer_cn_ttd.png","style/img/logo_footer_en.png":"style/img/logo_footer_en.png","style/img/logo_footer_en_ttd.png":"style/img/logo_footer_en_ttd.png","style/img/question_1.png":"style/img/question_1.png","style/img/question_2.png":"style/img/question_2.png","style/img/second_bg.png":"style/img/second_bg.png","style/sass/antd.min.css":"style/sass/antd.min.css","style/sass/docs.scss":"style/sass/docs.scss","style/sass/help.scss":"style/sass/help.scss","style/sass/index.scss":"style/sass/index.scss","style/sass/notice.scss":"style/sass/notice.scss","style/sass/ttd.scss":"style/sass/ttd.scss","style/svg/delete.svg":"style/svg/delete.svg","style/svg/down_arrow.svg":"style/svg/down_arrow.svg","style/svg/notice.svg":"style/svg/notice.svg","style/svg/right_arrow.svg":"style/svg/right_arrow.svg","style/svg/search.svg":"style/svg/search.svg","style/svg/up_arrow.svg":"style/svg/up_arrow.svg","style/sass/common/page.scss":"style/sass/common/page.scss","style/sass/common/widget.scss":"style/sass/common/widget.scss","style/sass/tpl/_font.tpl":"style/sass/tpl/_font.tpl","style/sass/utils/_all.scss":"style/sass/utils/_all.scss","style/sass/utils/_color.scss":"style/sass/utils/_color.scss","style/sass/utils/_common.scss":"style/sass/utils/_common.scss","style/sass/utils/_flex.scss":"style/sass/utils/_flex.scss","style/sass/utils/_font.scss":"style/sass/utils/_font.scss","style/sass/utils/_icon.scss":"style/sass/utils/_icon.scss","style/sass/utils/_reset.scss":"style/sass/utils/_reset.scss","vendor.js":"js/vendor-db7a6f.js","vendor":"js/vendor-db7a6f.js","index.js":"js/index-8b1d09.js","index":"js/index-8b1d09.js","js/2-5ccfad.js":"js/2-5ccfad.js","js/2-5ccfad":"js/2-5ccfad.js","js/3-159dfe.js":"js/3-159dfe.js","js/3-159dfe":"js/3-159dfe.js","js/4-cf8241.js":"js/4-cf8241.js","js/4-cf8241":"js/4-cf8241.js","js/5-8ca36b.js":"js/5-8ca36b.js","js/5-8ca36b":"js/5-8ca36b.js","js/6-d96bee.js":"js/6-d96bee.js","js/6-d96bee":"js/6-d96bee.js","js/7-e6ae9a.js":"js/7-e6ae9a.js","js/7-e6ae9a":"js/7-e6ae9a.js","js/vendor-db7a6f.js.LICENSE.txt":"js/vendor-db7a6f.js.LICENSE.txt"},"clientIp":"103.200.23.68"}}
              window.__PUBLIC_PATH__ = 'https://ak-s-cw.tripcdn.com/modules/vacation/tour-opentrip-online'
              window.cargoContext = {"cookies":null,"queries":{"locale":"zh-cn"},"path":null,"contextSource":{"locale":"queryString","strictLocale":"","currency":"default","measurement":"","temperature":"","hourclock":"","country":""}}
            })()
          </script><script>
            (function() {
							try {
								window.__INITIAL_STATE__ = undefined
							} catch(error) {
								console.log('parse initial-state failed', error.stack)
							}
            })()
          </script><script src="https://ak-s-cw.tripcdn.com/modules/vacation/tour-opentrip-online/js/vendor-db7a6f.js"></script><script src="https://ak-s-cw.tripcdn.com/modules/vacation/tour-opentrip-online/js/index-8b1d09.js"></script><script>
              ; (function() {
                  window.__bfi = window.__bfi || [];
                  if (! (window.$_bf && window.$_bf.loaded || window.$LAB || window.CtripJsLoader)) {
                      var a = new Date,
                      b = !1,
                      c = "?v=" + a.getFullYear() + a.getMonth() + "_" + a.getDate(),
                      a = document.createElement("script");
                      a.type = "text/javascript";
                      a.charset = "utf-8";
                      a.async = !0;
                      try {
                          b = "https:" == location.protocol
                      } catch(d) {}
                      a.src = ((b ? "https:": "http:")) + "//webresource.tripcdn.com/ares2/sysdev/ubt/*/default/_bfa.min.js" + c;
                      b = document.getElementsByTagName("script")[0];
                      b.parentNode.insertBefore(a, b)
                  }
              })();
            </script></body></html>

[2025-06-26 22:30:53] URL: https://ttdopen.ctrip.com/api/PayPreOrderConfirm.do
Payload: {"header":{"accountId":"9a61dfc211eab470","serviceName":"PayPreOrderConfirm","requestTime":"2025-06-26 22:30:53","version":"1.0","sign":"311ed8bbe02a140c4d7ad773d41749f2"},"body":"mdoobfebjappcgfdjkdnlgjdcmgknfnjmfanonikljbjpndcabdijcmmglggfjeldichioimaobipmmadfeigekhbohlmngkapnpcolkjoejipllmaagnbkmjnlnjoiepbfpajloffomhagmimadckhfkhfgifhoohmmnpchehiofmbpcjicomgfcdomegphlmofdenigjcophnibhhbeinikcdibaliadobphgpamgobpdbniajnapjpllkgocgpbpgdlddkckldodhmophhafajnailndn"}
HTTP Code: 200
Response: <!DOCTYPE html><html><head><meta charSet="utf-8"/><meta http-equiv="X-UA-Compatible" content="IE=edge"/><meta name="author" content="Trip.com"/><meta name="viewport" content="width=device-width,initial-scale=1,maximum-scale=1,user-scalable=no"/><meta name="content-type" content="text/html; charset=UTF-8"/><title></title><meta name="description" content=""/><meta name="keywords" content=""/><link rel="shortcut icon" href="//ctrip.com/favicon.ico"/><link rel="stylesheet" type="text/css" href="https://ak-s-cw.tripcdn.com/modules/vacation/tour-opentrip-online/style/sass/antd.min.css"/><link rel="stylesheet" type="text/css" href="https://ak-s-cw.tripcdn.com/modules/vacation/tour-opentrip-online/style/style.1.1.70.1726044963894.css"/></head><body><div id="foo"></div><div id="root"></div><div id="bar"></div><div id="modal"></div><input type="hidden" id="page_id" value="wait"/><script>
            (function() {
              window.__APP_SETTINGS__ = {"type":"createHistory","basename":"","context":{"basename":"","publicPath":"https://ak-s-cw.tripcdn.com/modules/vacation/tour-opentrip-online","staticPath":"/static","restapi":"https://www.trip.com/restapi/soa2","env":"prod","appId":"100041145","h5Version":"1.1.70","preload":{},"assets":{"manifest.json":"manifest.json","commonTests/README.md":"commonTests/README.md","style/font.scss":"style/font.scss","style/import.css":"style/import.css","style/import.scss":"style/import.scss","style/style.1.1.70.1726044963894.css":"style/style.1.1.70.1726044963894.css","style/css/docs.1.1.70.1726044963894.css":"style/css/docs.1.1.70.1726044963894.css","style/css/help.1.1.70.1726044963894.css":"style/css/help.1.1.70.1726044963894.css","style/css/index.1.1.70.1726044963894.css":"style/css/index.1.1.70.1726044963894.css","style/css/notice.1.1.70.1726044963894.css":"style/css/notice.1.1.70.1726044963894.css","style/css/ttd.1.1.70.1726044963894.css":"style/css/ttd.1.1.70.1726044963894.css","style/assets/169c1b4002c5895b.ttf":"style/assets/169c1b4002c5895b.ttf","style/assets/1752deffbb28d68b.eot":"style/assets/1752deffbb28d68b.eot","style/assets/2b3851e16e88003d.svg":"style/assets/2b3851e16e88003d.svg","style/assets/2f12708aa8880959.woff":"style/assets/2f12708aa8880959.woff","style/assets/40c921c13890b8fc.svg":"style/assets/40c921c13890b8fc.svg","style/assets/4282a8f3ce4eea1f.ttf":"style/assets/4282a8f3ce4eea1f.ttf","style/assets/463c0fd6016631cb.svg":"style/assets/463c0fd6016631cb.svg","style/assets/4b5479aa64b4c8c4.png":"style/assets/4b5479aa64b4c8c4.png","style/assets/54b26ce01077d8ef.woff":"style/assets/54b26ce01077d8ef.woff","style/assets/7047ab7ba83cb6c0.eot":"style/assets/7047ab7ba83cb6c0.eot","style/assets/9a10b10dce021cb7.woff2":"style/assets/9a10b10dce021cb7.woff2","style/assets/bd6294ed4b1bc72d.ttf":"style/assets/bd6294ed4b1bc72d.ttf","style/assets/f2d78608ea2ae3a9.woff":"style/assets/f2d78608ea2ae3a9.woff","style/font/gico.eot":"style/font/gico.eot","style/font/gico.ttf":"style/font/gico.ttf","style/font/gico.woff":"style/font/gico.woff","style/img/404.png":"style/img/404.png","style/img/Trip.com_blue.png":"style/img/Trip.com_blue.png","style/img/Trip.com_white.png":"style/img/Trip.com_white.png","style/img/back_old_1.png":"style/img/back_old_1.png","style/img/back_old_2.png":"style/img/back_old_2.png","style/img/banner.jpg":"style/img/banner.jpg","style/img/help_docking.png":"style/img/help_docking.png","style/img/help_docking_active.png":"style/img/help_docking_active.png","style/img/help_order.png":"style/img/help_order.png","style/img/help_order_active.png":"style/img/help_order_active.png","style/img/help_other.png":"style/img/help_other.png","style/img/help_other_active.png":"style/img/help_other_active.png","style/img/help_process.png":"style/img/help_process.png","style/img/help_process_active.png":"style/img/help_process_active.png","style/img/help_safe.png":"style/img/help_safe.png","style/img/help_safe_active.png":"style/img/help_safe_active.png","style/img/help_sanbox.png":"style/img/help_sanbox.png","style/img/help_sanbox_active.png":"style/img/help_sanbox_active.png","style/img/index_advan_1.png":"style/img/index_advan_1.png","style/img/index_advan_2.png":"style/img/index_advan_2.png","style/img/index_advan_3.png":"style/img/index_advan_3.png","style/img/index_advan_4.png":"style/img/index_advan_4.png","style/img/index_advan_bg.png":"style/img/index_advan_bg.png","style/img/index_advan_icon.png":"style/img/index_advan_icon.png","style/img/index_banner.png":"style/img/index_banner.png","style/img/index_docking_1.png":"style/img/index_docking_1.png","style/img/index_docking_2.png":"style/img/index_docking_2.png","style/img/index_docking_bg.png":"style/img/index_docking_bg.png","style/img/index_play_1.png":"style/img/index_play_1.png","style/img/index_play_2.png":"style/img/index_play_2.png","style/img/index_process_1.png":"style/img/index_process_1.png","style/img/index_process_2.png":"style/img/index_process_2.png","style/img/index_process_3.png":"style/img/index_process_3.png","style/img/index_process_4.png":"style/img/index_process_4.png","style/img/index_resolve_bg.png":"style/img/index_resolve_bg.png","style/img/logo_cn.png":"style/img/logo_cn.png","style/img/logo_cn_ttd.png":"style/img/logo_cn_ttd.png","style/img/logo_en.png":"style/img/logo_en.png","style/img/logo_en_ttd.png":"style/img/logo_en_ttd.png","style/img/logo_footer_cn.png":"style/img/logo_footer_cn.png","style/img/logo_footer_cn_ttd.png":"style/img/logo_footer_cn_ttd.png","style/img/logo_footer_en.png":"style/img/logo_footer_en.png","style/img/logo_footer_en_ttd.png":"style/img/logo_footer_en_ttd.png","style/img/question_1.png":"style/img/question_1.png","style/img/question_2.png":"style/img/question_2.png","style/img/second_bg.png":"style/img/second_bg.png","style/sass/antd.min.css":"style/sass/antd.min.css","style/sass/docs.scss":"style/sass/docs.scss","style/sass/help.scss":"style/sass/help.scss","style/sass/index.scss":"style/sass/index.scss","style/sass/notice.scss":"style/sass/notice.scss","style/sass/ttd.scss":"style/sass/ttd.scss","style/svg/delete.svg":"style/svg/delete.svg","style/svg/down_arrow.svg":"style/svg/down_arrow.svg","style/svg/notice.svg":"style/svg/notice.svg","style/svg/right_arrow.svg":"style/svg/right_arrow.svg","style/svg/search.svg":"style/svg/search.svg","style/svg/up_arrow.svg":"style/svg/up_arrow.svg","style/sass/common/page.scss":"style/sass/common/page.scss","style/sass/common/widget.scss":"style/sass/common/widget.scss","style/sass/tpl/_font.tpl":"style/sass/tpl/_font.tpl","style/sass/utils/_all.scss":"style/sass/utils/_all.scss","style/sass/utils/_color.scss":"style/sass/utils/_color.scss","style/sass/utils/_common.scss":"style/sass/utils/_common.scss","style/sass/utils/_flex.scss":"style/sass/utils/_flex.scss","style/sass/utils/_font.scss":"style/sass/utils/_font.scss","style/sass/utils/_icon.scss":"style/sass/utils/_icon.scss","style/sass/utils/_reset.scss":"style/sass/utils/_reset.scss","vendor.js":"js/vendor-db7a6f.js","vendor":"js/vendor-db7a6f.js","index.js":"js/index-8b1d09.js","index":"js/index-8b1d09.js","js/2-5ccfad.js":"js/2-5ccfad.js","js/2-5ccfad":"js/2-5ccfad.js","js/3-159dfe.js":"js/3-159dfe.js","js/3-159dfe":"js/3-159dfe.js","js/4-cf8241.js":"js/4-cf8241.js","js/4-cf8241":"js/4-cf8241.js","js/5-8ca36b.js":"js/5-8ca36b.js","js/5-8ca36b":"js/5-8ca36b.js","js/6-d96bee.js":"js/6-d96bee.js","js/6-d96bee":"js/6-d96bee.js","js/7-e6ae9a.js":"js/7-e6ae9a.js","js/7-e6ae9a":"js/7-e6ae9a.js","js/vendor-db7a6f.js.LICENSE.txt":"js/vendor-db7a6f.js.LICENSE.txt"},"clientIp":"103.200.23.68"}}
              window.__PUBLIC_PATH__ = 'https://ak-s-cw.tripcdn.com/modules/vacation/tour-opentrip-online'
              window.cargoContext = {"cookies":null,"queries":{"locale":"zh-cn"},"path":null,"contextSource":{"locale":"queryString","strictLocale":"","currency":"default","measurement":"","temperature":"","hourclock":"","country":""}}
            })()
          </script><script>
            (function() {
							try {
								window.__INITIAL_STATE__ = undefined
							} catch(error) {
								console.log('parse initial-state failed', error.stack)
							}
            })()
          </script><script src="https://ak-s-cw.tripcdn.com/modules/vacation/tour-opentrip-online/js/vendor-db7a6f.js"></script><script src="https://ak-s-cw.tripcdn.com/modules/vacation/tour-opentrip-online/js/index-8b1d09.js"></script><script>
              ; (function() {
                  window.__bfi = window.__bfi || [];
                  if (! (window.$_bf && window.$_bf.loaded || window.$LAB || window.CtripJsLoader)) {
                      var a = new Date,
                      b = !1,
                      c = "?v=" + a.getFullYear() + a.getMonth() + "_" + a.getDate(),
                      a = document.createElement("script");
                      a.type = "text/javascript";
                      a.charset = "utf-8";
                      a.async = !0;
                      try {
                          b = "https:" == location.protocol
                      } catch(d) {}
                      a.src = ((b ? "https:": "http:")) + "//webresource.tripcdn.com/ares2/sysdev/ubt/*/default/_bfa.min.js" + c;
                      b = document.getElementsByTagName("script")[0];
                      b.parentNode.insertBefore(a, b)
                  }
              })();
            </script></body></html>

[2025-06-26 22:30:54] URL: https://ttdopen.ctrip.com/api/PayPreOrderConfirm.do
Payload: {"header":{"accountId":"9a61dfc211eab470","serviceName":"PayPreOrderConfirm","requestTime":"2025-06-26 22:30:53","version":"1.0","sign":"9d37b9793674dd0d69ff727d57683666"},"body":"mdoobfebjappcgfdjkdnlgjdcmgknfnjbfmcocpojdnjkpamccappfnodaigpndkmnalpogndfepoighjbejhmdjifjljcocdebckonkbjelnjepdkdmkidfbfjdjmcleomcahcgoinechnbfmglekmklgdfmhjjiffjbiijnkdppilaphaidelihnnogokkneipocaikjnlncklkoclnaopnfmhecelocnfcpjfamecmpedeaolkidjdgohfoigdbmkhaogfahdgphejckhdoihiealfpea"}
HTTP Code: 200
Response: <!DOCTYPE html><html><head><meta charSet="utf-8"/><meta http-equiv="X-UA-Compatible" content="IE=edge"/><meta name="author" content="Trip.com"/><meta name="viewport" content="width=device-width,initial-scale=1,maximum-scale=1,user-scalable=no"/><meta name="content-type" content="text/html; charset=UTF-8"/><title></title><meta name="description" content=""/><meta name="keywords" content=""/><link rel="shortcut icon" href="//ctrip.com/favicon.ico"/><link rel="stylesheet" type="text/css" href="https://ak-s-cw.tripcdn.com/modules/vacation/tour-opentrip-online/style/sass/antd.min.css"/><link rel="stylesheet" type="text/css" href="https://ak-s-cw.tripcdn.com/modules/vacation/tour-opentrip-online/style/style.1.1.70.1726044963894.css"/></head><body><div id="foo"></div><div id="root"></div><div id="bar"></div><div id="modal"></div><input type="hidden" id="page_id" value="wait"/><script>
            (function() {
              window.__APP_SETTINGS__ = {"type":"createHistory","basename":"","context":{"basename":"","publicPath":"https://ak-s-cw.tripcdn.com/modules/vacation/tour-opentrip-online","staticPath":"/static","restapi":"https://www.trip.com/restapi/soa2","env":"prod","appId":"100041145","h5Version":"1.1.70","preload":{},"assets":{"manifest.json":"manifest.json","commonTests/README.md":"commonTests/README.md","style/font.scss":"style/font.scss","style/import.css":"style/import.css","style/import.scss":"style/import.scss","style/style.1.1.70.1726044963894.css":"style/style.1.1.70.1726044963894.css","style/css/docs.1.1.70.1726044963894.css":"style/css/docs.1.1.70.1726044963894.css","style/css/help.1.1.70.1726044963894.css":"style/css/help.1.1.70.1726044963894.css","style/css/index.1.1.70.1726044963894.css":"style/css/index.1.1.70.1726044963894.css","style/css/notice.1.1.70.1726044963894.css":"style/css/notice.1.1.70.1726044963894.css","style/css/ttd.1.1.70.1726044963894.css":"style/css/ttd.1.1.70.1726044963894.css","style/assets/169c1b4002c5895b.ttf":"style/assets/169c1b4002c5895b.ttf","style/assets/1752deffbb28d68b.eot":"style/assets/1752deffbb28d68b.eot","style/assets/2b3851e16e88003d.svg":"style/assets/2b3851e16e88003d.svg","style/assets/2f12708aa8880959.woff":"style/assets/2f12708aa8880959.woff","style/assets/40c921c13890b8fc.svg":"style/assets/40c921c13890b8fc.svg","style/assets/4282a8f3ce4eea1f.ttf":"style/assets/4282a8f3ce4eea1f.ttf","style/assets/463c0fd6016631cb.svg":"style/assets/463c0fd6016631cb.svg","style/assets/4b5479aa64b4c8c4.png":"style/assets/4b5479aa64b4c8c4.png","style/assets/54b26ce01077d8ef.woff":"style/assets/54b26ce01077d8ef.woff","style/assets/7047ab7ba83cb6c0.eot":"style/assets/7047ab7ba83cb6c0.eot","style/assets/9a10b10dce021cb7.woff2":"style/assets/9a10b10dce021cb7.woff2","style/assets/bd6294ed4b1bc72d.ttf":"style/assets/bd6294ed4b1bc72d.ttf","style/assets/f2d78608ea2ae3a9.woff":"style/assets/f2d78608ea2ae3a9.woff","style/font/gico.eot":"style/font/gico.eot","style/font/gico.ttf":"style/font/gico.ttf","style/font/gico.woff":"style/font/gico.woff","style/img/404.png":"style/img/404.png","style/img/Trip.com_blue.png":"style/img/Trip.com_blue.png","style/img/Trip.com_white.png":"style/img/Trip.com_white.png","style/img/back_old_1.png":"style/img/back_old_1.png","style/img/back_old_2.png":"style/img/back_old_2.png","style/img/banner.jpg":"style/img/banner.jpg","style/img/help_docking.png":"style/img/help_docking.png","style/img/help_docking_active.png":"style/img/help_docking_active.png","style/img/help_order.png":"style/img/help_order.png","style/img/help_order_active.png":"style/img/help_order_active.png","style/img/help_other.png":"style/img/help_other.png","style/img/help_other_active.png":"style/img/help_other_active.png","style/img/help_process.png":"style/img/help_process.png","style/img/help_process_active.png":"style/img/help_process_active.png","style/img/help_safe.png":"style/img/help_safe.png","style/img/help_safe_active.png":"style/img/help_safe_active.png","style/img/help_sanbox.png":"style/img/help_sanbox.png","style/img/help_sanbox_active.png":"style/img/help_sanbox_active.png","style/img/index_advan_1.png":"style/img/index_advan_1.png","style/img/index_advan_2.png":"style/img/index_advan_2.png","style/img/index_advan_3.png":"style/img/index_advan_3.png","style/img/index_advan_4.png":"style/img/index_advan_4.png","style/img/index_advan_bg.png":"style/img/index_advan_bg.png","style/img/index_advan_icon.png":"style/img/index_advan_icon.png","style/img/index_banner.png":"style/img/index_banner.png","style/img/index_docking_1.png":"style/img/index_docking_1.png","style/img/index_docking_2.png":"style/img/index_docking_2.png","style/img/index_docking_bg.png":"style/img/index_docking_bg.png","style/img/index_play_1.png":"style/img/index_play_1.png","style/img/index_play_2.png":"style/img/index_play_2.png","style/img/index_process_1.png":"style/img/index_process_1.png","style/img/index_process_2.png":"style/img/index_process_2.png","style/img/index_process_3.png":"style/img/index_process_3.png","style/img/index_process_4.png":"style/img/index_process_4.png","style/img/index_resolve_bg.png":"style/img/index_resolve_bg.png","style/img/logo_cn.png":"style/img/logo_cn.png","style/img/logo_cn_ttd.png":"style/img/logo_cn_ttd.png","style/img/logo_en.png":"style/img/logo_en.png","style/img/logo_en_ttd.png":"style/img/logo_en_ttd.png","style/img/logo_footer_cn.png":"style/img/logo_footer_cn.png","style/img/logo_footer_cn_ttd.png":"style/img/logo_footer_cn_ttd.png","style/img/logo_footer_en.png":"style/img/logo_footer_en.png","style/img/logo_footer_en_ttd.png":"style/img/logo_footer_en_ttd.png","style/img/question_1.png":"style/img/question_1.png","style/img/question_2.png":"style/img/question_2.png","style/img/second_bg.png":"style/img/second_bg.png","style/sass/antd.min.css":"style/sass/antd.min.css","style/sass/docs.scss":"style/sass/docs.scss","style/sass/help.scss":"style/sass/help.scss","style/sass/index.scss":"style/sass/index.scss","style/sass/notice.scss":"style/sass/notice.scss","style/sass/ttd.scss":"style/sass/ttd.scss","style/svg/delete.svg":"style/svg/delete.svg","style/svg/down_arrow.svg":"style/svg/down_arrow.svg","style/svg/notice.svg":"style/svg/notice.svg","style/svg/right_arrow.svg":"style/svg/right_arrow.svg","style/svg/search.svg":"style/svg/search.svg","style/svg/up_arrow.svg":"style/svg/up_arrow.svg","style/sass/common/page.scss":"style/sass/common/page.scss","style/sass/common/widget.scss":"style/sass/common/widget.scss","style/sass/tpl/_font.tpl":"style/sass/tpl/_font.tpl","style/sass/utils/_all.scss":"style/sass/utils/_all.scss","style/sass/utils/_color.scss":"style/sass/utils/_color.scss","style/sass/utils/_common.scss":"style/sass/utils/_common.scss","style/sass/utils/_flex.scss":"style/sass/utils/_flex.scss","style/sass/utils/_font.scss":"style/sass/utils/_font.scss","style/sass/utils/_icon.scss":"style/sass/utils/_icon.scss","style/sass/utils/_reset.scss":"style/sass/utils/_reset.scss","vendor.js":"js/vendor-db7a6f.js","vendor":"js/vendor-db7a6f.js","index.js":"js/index-8b1d09.js","index":"js/index-8b1d09.js","js/2-5ccfad.js":"js/2-5ccfad.js","js/2-5ccfad":"js/2-5ccfad.js","js/3-159dfe.js":"js/3-159dfe.js","js/3-159dfe":"js/3-159dfe.js","js/4-cf8241.js":"js/4-cf8241.js","js/4-cf8241":"js/4-cf8241.js","js/5-8ca36b.js":"js/5-8ca36b.js","js/5-8ca36b":"js/5-8ca36b.js","js/6-d96bee.js":"js/6-d96bee.js","js/6-d96bee":"js/6-d96bee.js","js/7-e6ae9a.js":"js/7-e6ae9a.js","js/7-e6ae9a":"js/7-e6ae9a.js","js/vendor-db7a6f.js.LICENSE.txt":"js/vendor-db7a6f.js.LICENSE.txt"},"clientIp":"103.200.23.68"}}
              window.__PUBLIC_PATH__ = 'https://ak-s-cw.tripcdn.com/modules/vacation/tour-opentrip-online'
              window.cargoContext = {"cookies":null,"queries":{"locale":"zh-cn"},"path":null,"contextSource":{"locale":"queryString","strictLocale":"","currency":"default","measurement":"","temperature":"","hourclock":"","country":""}}
            })()
          </script><script>
            (function() {
							try {
								window.__INITIAL_STATE__ = undefined
							} catch(error) {
								console.log('parse initial-state failed', error.stack)
							}
            })()
          </script><script src="https://ak-s-cw.tripcdn.com/modules/vacation/tour-opentrip-online/js/vendor-db7a6f.js"></script><script src="https://ak-s-cw.tripcdn.com/modules/vacation/tour-opentrip-online/js/index-8b1d09.js"></script><script>
              ; (function() {
                  window.__bfi = window.__bfi || [];
                  if (! (window.$_bf && window.$_bf.loaded || window.$LAB || window.CtripJsLoader)) {
                      var a = new Date,
                      b = !1,
                      c = "?v=" + a.getFullYear() + a.getMonth() + "_" + a.getDate(),
                      a = document.createElement("script");
                      a.type = "text/javascript";
                      a.charset = "utf-8";
                      a.async = !0;
                      try {
                          b = "https:" == location.protocol
                      } catch(d) {}
                      a.src = ((b ? "https:": "http:")) + "//webresource.tripcdn.com/ares2/sysdev/ubt/*/default/_bfa.min.js" + c;
                      b = document.getElementsByTagName("script")[0];
                      b.parentNode.insertBefore(a, b)
                  }
              })();
            </script></body></html>

[2025-06-26 22:30:55] URL: https://ttdopen.ctrip.com/api/PayPreOrderConfirm.do
Payload: {"header":{"accountId":"9a61dfc211eab470","serviceName":"PayPreOrderConfirm","requestTime":"2025-06-26 22:30:54","version":"1.0","sign":"781a4909cec532943f89d3aa3dd27726"},"body":"mdoobfebjappcgfdjkdnlgjdcmgknfnjndigdghendhlkbgcmgnjpfdkifbljjcaddclfojohjacjichappphlhaljdhhhkofaelpklolheacadbnchbpmbkmboeppnfbiilpgjibhmkcboohpiojkopchiklfmpcpghbcnhhcgholngcnndhgjajfikjplkemdgpgbejeckogckheohinnbbifolgkddeeaemnbnjekiddfcihejmpchdldgjgjldhiaahaphoojdhpljgjdpghflphjneg"}
HTTP Code: 200
Response: <!DOCTYPE html><html><head><meta charSet="utf-8"/><meta http-equiv="X-UA-Compatible" content="IE=edge"/><meta name="author" content="Trip.com"/><meta name="viewport" content="width=device-width,initial-scale=1,maximum-scale=1,user-scalable=no"/><meta name="content-type" content="text/html; charset=UTF-8"/><title></title><meta name="description" content=""/><meta name="keywords" content=""/><link rel="shortcut icon" href="//ctrip.com/favicon.ico"/><link rel="stylesheet" type="text/css" href="https://ak-s-cw.tripcdn.com/modules/vacation/tour-opentrip-online/style/sass/antd.min.css"/><link rel="stylesheet" type="text/css" href="https://ak-s-cw.tripcdn.com/modules/vacation/tour-opentrip-online/style/style.1.1.70.1726044963894.css"/></head><body><div id="foo"></div><div id="root"></div><div id="bar"></div><div id="modal"></div><input type="hidden" id="page_id" value="wait"/><script>
            (function() {
              window.__APP_SETTINGS__ = {"type":"createHistory","basename":"","context":{"basename":"","publicPath":"https://ak-s-cw.tripcdn.com/modules/vacation/tour-opentrip-online","staticPath":"/static","restapi":"https://www.trip.com/restapi/soa2","env":"prod","appId":"100041145","h5Version":"1.1.70","preload":{},"assets":{"manifest.json":"manifest.json","commonTests/README.md":"commonTests/README.md","style/font.scss":"style/font.scss","style/import.css":"style/import.css","style/import.scss":"style/import.scss","style/style.1.1.70.1726044963894.css":"style/style.1.1.70.1726044963894.css","style/css/docs.1.1.70.1726044963894.css":"style/css/docs.1.1.70.1726044963894.css","style/css/help.1.1.70.1726044963894.css":"style/css/help.1.1.70.1726044963894.css","style/css/index.1.1.70.1726044963894.css":"style/css/index.1.1.70.1726044963894.css","style/css/notice.1.1.70.1726044963894.css":"style/css/notice.1.1.70.1726044963894.css","style/css/ttd.1.1.70.1726044963894.css":"style/css/ttd.1.1.70.1726044963894.css","style/assets/169c1b4002c5895b.ttf":"style/assets/169c1b4002c5895b.ttf","style/assets/1752deffbb28d68b.eot":"style/assets/1752deffbb28d68b.eot","style/assets/2b3851e16e88003d.svg":"style/assets/2b3851e16e88003d.svg","style/assets/2f12708aa8880959.woff":"style/assets/2f12708aa8880959.woff","style/assets/40c921c13890b8fc.svg":"style/assets/40c921c13890b8fc.svg","style/assets/4282a8f3ce4eea1f.ttf":"style/assets/4282a8f3ce4eea1f.ttf","style/assets/463c0fd6016631cb.svg":"style/assets/463c0fd6016631cb.svg","style/assets/4b5479aa64b4c8c4.png":"style/assets/4b5479aa64b4c8c4.png","style/assets/54b26ce01077d8ef.woff":"style/assets/54b26ce01077d8ef.woff","style/assets/7047ab7ba83cb6c0.eot":"style/assets/7047ab7ba83cb6c0.eot","style/assets/9a10b10dce021cb7.woff2":"style/assets/9a10b10dce021cb7.woff2","style/assets/bd6294ed4b1bc72d.ttf":"style/assets/bd6294ed4b1bc72d.ttf","style/assets/f2d78608ea2ae3a9.woff":"style/assets/f2d78608ea2ae3a9.woff","style/font/gico.eot":"style/font/gico.eot","style/font/gico.ttf":"style/font/gico.ttf","style/font/gico.woff":"style/font/gico.woff","style/img/404.png":"style/img/404.png","style/img/Trip.com_blue.png":"style/img/Trip.com_blue.png","style/img/Trip.com_white.png":"style/img/Trip.com_white.png","style/img/back_old_1.png":"style/img/back_old_1.png","style/img/back_old_2.png":"style/img/back_old_2.png","style/img/banner.jpg":"style/img/banner.jpg","style/img/help_docking.png":"style/img/help_docking.png","style/img/help_docking_active.png":"style/img/help_docking_active.png","style/img/help_order.png":"style/img/help_order.png","style/img/help_order_active.png":"style/img/help_order_active.png","style/img/help_other.png":"style/img/help_other.png","style/img/help_other_active.png":"style/img/help_other_active.png","style/img/help_process.png":"style/img/help_process.png","style/img/help_process_active.png":"style/img/help_process_active.png","style/img/help_safe.png":"style/img/help_safe.png","style/img/help_safe_active.png":"style/img/help_safe_active.png","style/img/help_sanbox.png":"style/img/help_sanbox.png","style/img/help_sanbox_active.png":"style/img/help_sanbox_active.png","style/img/index_advan_1.png":"style/img/index_advan_1.png","style/img/index_advan_2.png":"style/img/index_advan_2.png","style/img/index_advan_3.png":"style/img/index_advan_3.png","style/img/index_advan_4.png":"style/img/index_advan_4.png","style/img/index_advan_bg.png":"style/img/index_advan_bg.png","style/img/index_advan_icon.png":"style/img/index_advan_icon.png","style/img/index_banner.png":"style/img/index_banner.png","style/img/index_docking_1.png":"style/img/index_docking_1.png","style/img/index_docking_2.png":"style/img/index_docking_2.png","style/img/index_docking_bg.png":"style/img/index_docking_bg.png","style/img/index_play_1.png":"style/img/index_play_1.png","style/img/index_play_2.png":"style/img/index_play_2.png","style/img/index_process_1.png":"style/img/index_process_1.png","style/img/index_process_2.png":"style/img/index_process_2.png","style/img/index_process_3.png":"style/img/index_process_3.png","style/img/index_process_4.png":"style/img/index_process_4.png","style/img/index_resolve_bg.png":"style/img/index_resolve_bg.png","style/img/logo_cn.png":"style/img/logo_cn.png","style/img/logo_cn_ttd.png":"style/img/logo_cn_ttd.png","style/img/logo_en.png":"style/img/logo_en.png","style/img/logo_en_ttd.png":"style/img/logo_en_ttd.png","style/img/logo_footer_cn.png":"style/img/logo_footer_cn.png","style/img/logo_footer_cn_ttd.png":"style/img/logo_footer_cn_ttd.png","style/img/logo_footer_en.png":"style/img/logo_footer_en.png","style/img/logo_footer_en_ttd.png":"style/img/logo_footer_en_ttd.png","style/img/question_1.png":"style/img/question_1.png","style/img/question_2.png":"style/img/question_2.png","style/img/second_bg.png":"style/img/second_bg.png","style/sass/antd.min.css":"style/sass/antd.min.css","style/sass/docs.scss":"style/sass/docs.scss","style/sass/help.scss":"style/sass/help.scss","style/sass/index.scss":"style/sass/index.scss","style/sass/notice.scss":"style/sass/notice.scss","style/sass/ttd.scss":"style/sass/ttd.scss","style/svg/delete.svg":"style/svg/delete.svg","style/svg/down_arrow.svg":"style/svg/down_arrow.svg","style/svg/notice.svg":"style/svg/notice.svg","style/svg/right_arrow.svg":"style/svg/right_arrow.svg","style/svg/search.svg":"style/svg/search.svg","style/svg/up_arrow.svg":"style/svg/up_arrow.svg","style/sass/common/page.scss":"style/sass/common/page.scss","style/sass/common/widget.scss":"style/sass/common/widget.scss","style/sass/tpl/_font.tpl":"style/sass/tpl/_font.tpl","style/sass/utils/_all.scss":"style/sass/utils/_all.scss","style/sass/utils/_color.scss":"style/sass/utils/_color.scss","style/sass/utils/_common.scss":"style/sass/utils/_common.scss","style/sass/utils/_flex.scss":"style/sass/utils/_flex.scss","style/sass/utils/_font.scss":"style/sass/utils/_font.scss","style/sass/utils/_icon.scss":"style/sass/utils/_icon.scss","style/sass/utils/_reset.scss":"style/sass/utils/_reset.scss","vendor.js":"js/vendor-db7a6f.js","vendor":"js/vendor-db7a6f.js","index.js":"js/index-8b1d09.js","index":"js/index-8b1d09.js","js/2-5ccfad.js":"js/2-5ccfad.js","js/2-5ccfad":"js/2-5ccfad.js","js/3-159dfe.js":"js/3-159dfe.js","js/3-159dfe":"js/3-159dfe.js","js/4-cf8241.js":"js/4-cf8241.js","js/4-cf8241":"js/4-cf8241.js","js/5-8ca36b.js":"js/5-8ca36b.js","js/5-8ca36b":"js/5-8ca36b.js","js/6-d96bee.js":"js/6-d96bee.js","js/6-d96bee":"js/6-d96bee.js","js/7-e6ae9a.js":"js/7-e6ae9a.js","js/7-e6ae9a":"js/7-e6ae9a.js","js/vendor-db7a6f.js.LICENSE.txt":"js/vendor-db7a6f.js.LICENSE.txt"},"clientIp":"103.200.23.68"}}
              window.__PUBLIC_PATH__ = 'https://ak-s-cw.tripcdn.com/modules/vacation/tour-opentrip-online'
              window.cargoContext = {"cookies":null,"queries":{"locale":"zh-cn"},"path":null,"contextSource":{"locale":"queryString","strictLocale":"","currency":"default","measurement":"","temperature":"","hourclock":"","country":""}}
            })()
          </script><script>
            (function() {
							try {
								window.__INITIAL_STATE__ = undefined
							} catch(error) {
								console.log('parse initial-state failed', error.stack)
							}
            })()
          </script><script src="https://ak-s-cw.tripcdn.com/modules/vacation/tour-opentrip-online/js/vendor-db7a6f.js"></script><script src="https://ak-s-cw.tripcdn.com/modules/vacation/tour-opentrip-online/js/index-8b1d09.js"></script><script>
              ; (function() {
                  window.__bfi = window.__bfi || [];
                  if (! (window.$_bf && window.$_bf.loaded || window.$LAB || window.CtripJsLoader)) {
                      var a = new Date,
                      b = !1,
                      c = "?v=" + a.getFullYear() + a.getMonth() + "_" + a.getDate(),
                      a = document.createElement("script");
                      a.type = "text/javascript";
                      a.charset = "utf-8";
                      a.async = !0;
                      try {
                          b = "https:" == location.protocol
                      } catch(d) {}
                      a.src = ((b ? "https:": "http:")) + "//webresource.tripcdn.com/ares2/sysdev/ubt/*/default/_bfa.min.js" + c;
                      b = document.getElementsByTagName("script")[0];
                      b.parentNode.insertBefore(a, b)
                  }
              })();
            </script></body></html>

[2025-06-26 22:30:58] URL: https://ttdopen.ctrip.com/api/PayPreOrderConfirm.do
Payload: {"header":{"accountId":"9a61dfc211eab470","serviceName":"PayPreOrderConfirm","requestTime":"2025-06-26 22:30:57","version":"1.0","sign":"9ee0da108ea4247adc2cbde986745457"},"body":"mdoobfebjappcgfdjkdnlgjdcmgknfnjfhaoialgbokojhfaheojkcbgdkhbagdkkpciofjjfdbjldbanimkjbjijkaceppipkmlfgjommipmhodgnmhnahpnnkfncchfocibghlipmofpiohkneoeefdcnkdmeigalpbldhemhmjoohoppldjoeimmjhadfebemgecncehfbmipnbokdckgnppnmnefpbkkkgneggohnoecccjfofalenjplbimcbljojeamkpkmdbcpfepnnppdbfjmejh"}
HTTP Code: 200
Response: <!DOCTYPE html><html><head><meta charSet="utf-8"/><meta http-equiv="X-UA-Compatible" content="IE=edge"/><meta name="author" content="Trip.com"/><meta name="viewport" content="width=device-width,initial-scale=1,maximum-scale=1,user-scalable=no"/><meta name="content-type" content="text/html; charset=UTF-8"/><title></title><meta name="description" content=""/><meta name="keywords" content=""/><link rel="shortcut icon" href="//ctrip.com/favicon.ico"/><link rel="stylesheet" type="text/css" href="https://ak-s-cw.tripcdn.com/modules/vacation/tour-opentrip-online/style/sass/antd.min.css"/><link rel="stylesheet" type="text/css" href="https://ak-s-cw.tripcdn.com/modules/vacation/tour-opentrip-online/style/style.1.1.70.1726044963894.css"/></head><body><div id="foo"></div><div id="root"></div><div id="bar"></div><div id="modal"></div><input type="hidden" id="page_id" value="wait"/><script>
            (function() {
              window.__APP_SETTINGS__ = {"type":"createHistory","basename":"","context":{"basename":"","publicPath":"https://ak-s-cw.tripcdn.com/modules/vacation/tour-opentrip-online","staticPath":"/static","restapi":"https://www.trip.com/restapi/soa2","env":"prod","appId":"100041145","h5Version":"1.1.70","preload":{},"assets":{"manifest.json":"manifest.json","commonTests/README.md":"commonTests/README.md","style/font.scss":"style/font.scss","style/import.css":"style/import.css","style/import.scss":"style/import.scss","style/style.1.1.70.1726044963894.css":"style/style.1.1.70.1726044963894.css","style/css/docs.1.1.70.1726044963894.css":"style/css/docs.1.1.70.1726044963894.css","style/css/help.1.1.70.1726044963894.css":"style/css/help.1.1.70.1726044963894.css","style/css/index.1.1.70.1726044963894.css":"style/css/index.1.1.70.1726044963894.css","style/css/notice.1.1.70.1726044963894.css":"style/css/notice.1.1.70.1726044963894.css","style/css/ttd.1.1.70.1726044963894.css":"style/css/ttd.1.1.70.1726044963894.css","style/assets/169c1b4002c5895b.ttf":"style/assets/169c1b4002c5895b.ttf","style/assets/1752deffbb28d68b.eot":"style/assets/1752deffbb28d68b.eot","style/assets/2b3851e16e88003d.svg":"style/assets/2b3851e16e88003d.svg","style/assets/2f12708aa8880959.woff":"style/assets/2f12708aa8880959.woff","style/assets/40c921c13890b8fc.svg":"style/assets/40c921c13890b8fc.svg","style/assets/4282a8f3ce4eea1f.ttf":"style/assets/4282a8f3ce4eea1f.ttf","style/assets/463c0fd6016631cb.svg":"style/assets/463c0fd6016631cb.svg","style/assets/4b5479aa64b4c8c4.png":"style/assets/4b5479aa64b4c8c4.png","style/assets/54b26ce01077d8ef.woff":"style/assets/54b26ce01077d8ef.woff","style/assets/7047ab7ba83cb6c0.eot":"style/assets/7047ab7ba83cb6c0.eot","style/assets/9a10b10dce021cb7.woff2":"style/assets/9a10b10dce021cb7.woff2","style/assets/bd6294ed4b1bc72d.ttf":"style/assets/bd6294ed4b1bc72d.ttf","style/assets/f2d78608ea2ae3a9.woff":"style/assets/f2d78608ea2ae3a9.woff","style/font/gico.eot":"style/font/gico.eot","style/font/gico.ttf":"style/font/gico.ttf","style/font/gico.woff":"style/font/gico.woff","style/img/404.png":"style/img/404.png","style/img/Trip.com_blue.png":"style/img/Trip.com_blue.png","style/img/Trip.com_white.png":"style/img/Trip.com_white.png","style/img/back_old_1.png":"style/img/back_old_1.png","style/img/back_old_2.png":"style/img/back_old_2.png","style/img/banner.jpg":"style/img/banner.jpg","style/img/help_docking.png":"style/img/help_docking.png","style/img/help_docking_active.png":"style/img/help_docking_active.png","style/img/help_order.png":"style/img/help_order.png","style/img/help_order_active.png":"style/img/help_order_active.png","style/img/help_other.png":"style/img/help_other.png","style/img/help_other_active.png":"style/img/help_other_active.png","style/img/help_process.png":"style/img/help_process.png","style/img/help_process_active.png":"style/img/help_process_active.png","style/img/help_safe.png":"style/img/help_safe.png","style/img/help_safe_active.png":"style/img/help_safe_active.png","style/img/help_sanbox.png":"style/img/help_sanbox.png","style/img/help_sanbox_active.png":"style/img/help_sanbox_active.png","style/img/index_advan_1.png":"style/img/index_advan_1.png","style/img/index_advan_2.png":"style/img/index_advan_2.png","style/img/index_advan_3.png":"style/img/index_advan_3.png","style/img/index_advan_4.png":"style/img/index_advan_4.png","style/img/index_advan_bg.png":"style/img/index_advan_bg.png","style/img/index_advan_icon.png":"style/img/index_advan_icon.png","style/img/index_banner.png":"style/img/index_banner.png","style/img/index_docking_1.png":"style/img/index_docking_1.png","style/img/index_docking_2.png":"style/img/index_docking_2.png","style/img/index_docking_bg.png":"style/img/index_docking_bg.png","style/img/index_play_1.png":"style/img/index_play_1.png","style/img/index_play_2.png":"style/img/index_play_2.png","style/img/index_process_1.png":"style/img/index_process_1.png","style/img/index_process_2.png":"style/img/index_process_2.png","style/img/index_process_3.png":"style/img/index_process_3.png","style/img/index_process_4.png":"style/img/index_process_4.png","style/img/index_resolve_bg.png":"style/img/index_resolve_bg.png","style/img/logo_cn.png":"style/img/logo_cn.png","style/img/logo_cn_ttd.png":"style/img/logo_cn_ttd.png","style/img/logo_en.png":"style/img/logo_en.png","style/img/logo_en_ttd.png":"style/img/logo_en_ttd.png","style/img/logo_footer_cn.png":"style/img/logo_footer_cn.png","style/img/logo_footer_cn_ttd.png":"style/img/logo_footer_cn_ttd.png","style/img/logo_footer_en.png":"style/img/logo_footer_en.png","style/img/logo_footer_en_ttd.png":"style/img/logo_footer_en_ttd.png","style/img/question_1.png":"style/img/question_1.png","style/img/question_2.png":"style/img/question_2.png","style/img/second_bg.png":"style/img/second_bg.png","style/sass/antd.min.css":"style/sass/antd.min.css","style/sass/docs.scss":"style/sass/docs.scss","style/sass/help.scss":"style/sass/help.scss","style/sass/index.scss":"style/sass/index.scss","style/sass/notice.scss":"style/sass/notice.scss","style/sass/ttd.scss":"style/sass/ttd.scss","style/svg/delete.svg":"style/svg/delete.svg","style/svg/down_arrow.svg":"style/svg/down_arrow.svg","style/svg/notice.svg":"style/svg/notice.svg","style/svg/right_arrow.svg":"style/svg/right_arrow.svg","style/svg/search.svg":"style/svg/search.svg","style/svg/up_arrow.svg":"style/svg/up_arrow.svg","style/sass/common/page.scss":"style/sass/common/page.scss","style/sass/common/widget.scss":"style/sass/common/widget.scss","style/sass/tpl/_font.tpl":"style/sass/tpl/_font.tpl","style/sass/utils/_all.scss":"style/sass/utils/_all.scss","style/sass/utils/_color.scss":"style/sass/utils/_color.scss","style/sass/utils/_common.scss":"style/sass/utils/_common.scss","style/sass/utils/_flex.scss":"style/sass/utils/_flex.scss","style/sass/utils/_font.scss":"style/sass/utils/_font.scss","style/sass/utils/_icon.scss":"style/sass/utils/_icon.scss","style/sass/utils/_reset.scss":"style/sass/utils/_reset.scss","vendor.js":"js/vendor-db7a6f.js","vendor":"js/vendor-db7a6f.js","index.js":"js/index-8b1d09.js","index":"js/index-8b1d09.js","js/2-5ccfad.js":"js/2-5ccfad.js","js/2-5ccfad":"js/2-5ccfad.js","js/3-159dfe.js":"js/3-159dfe.js","js/3-159dfe":"js/3-159dfe.js","js/4-cf8241.js":"js/4-cf8241.js","js/4-cf8241":"js/4-cf8241.js","js/5-8ca36b.js":"js/5-8ca36b.js","js/5-8ca36b":"js/5-8ca36b.js","js/6-d96bee.js":"js/6-d96bee.js","js/6-d96bee":"js/6-d96bee.js","js/7-e6ae9a.js":"js/7-e6ae9a.js","js/7-e6ae9a":"js/7-e6ae9a.js","js/vendor-db7a6f.js.LICENSE.txt":"js/vendor-db7a6f.js.LICENSE.txt"},"clientIp":"103.200.23.68"}}
              window.__PUBLIC_PATH__ = 'https://ak-s-cw.tripcdn.com/modules/vacation/tour-opentrip-online'
              window.cargoContext = {"cookies":null,"queries":{"locale":"zh-cn"},"path":null,"contextSource":{"locale":"queryString","strictLocale":"","currency":"default","measurement":"","temperature":"","hourclock":"","country":""}}
            })()
          </script><script>
            (function() {
							try {
								window.__INITIAL_STATE__ = undefined
							} catch(error) {
								console.log('parse initial-state failed', error.stack)
							}
            })()
          </script><script src="https://ak-s-cw.tripcdn.com/modules/vacation/tour-opentrip-online/js/vendor-db7a6f.js"></script><script src="https://ak-s-cw.tripcdn.com/modules/vacation/tour-opentrip-online/js/index-8b1d09.js"></script><script>
              ; (function() {
                  window.__bfi = window.__bfi || [];
                  if (! (window.$_bf && window.$_bf.loaded || window.$LAB || window.CtripJsLoader)) {
                      var a = new Date,
                      b = !1,
                      c = "?v=" + a.getFullYear() + a.getMonth() + "_" + a.getDate(),
                      a = document.createElement("script");
                      a.type = "text/javascript";
                      a.charset = "utf-8";
                      a.async = !0;
                      try {
                          b = "https:" == location.protocol
                      } catch(d) {}
                      a.src = ((b ? "https:": "http:")) + "//webresource.tripcdn.com/ares2/sysdev/ubt/*/default/_bfa.min.js" + c;
                      b = document.getElementsByTagName("script")[0];
                      b.parentNode.insertBefore(a, b)
                  }
              })();
            </script></body></html>

[2025-06-26 22:31:01] URL: https://ttdopen.ctrip.com/api/PayPreOrderConfirm.do
Payload: {"header":{"accountId":"9a61dfc211eab470","serviceName":"PayPreOrderConfirm","requestTime":"2025-06-26 22:31:00","version":"1.0","sign":"c46e028ef0b1882ef68d6238f2954bde"},"body":"mdoobfebjappcgfdjkdnlgjdcmgknfnjmfanonikljbjpndcabdijcmmglggfjelnbibcbcphndenklbmnnbfgogfcampfbnadcabmfebdblodinlkfnljjcmkhcamcjblcapmijmdjjpcjllpfanenmflppnecdpgedepghnmjpfafcilifnfonommbcankhklgddkebjlfjdhkhiifegflgajmngfepfbppcjokpglfmbocjlnbbicacmcjdigkbfdjengamnpcagkbnkdmhopjbpdaaop"}
HTTP Code: 200
Response: <!DOCTYPE html><html><head><meta charSet="utf-8"/><meta http-equiv="X-UA-Compatible" content="IE=edge"/><meta name="author" content="Trip.com"/><meta name="viewport" content="width=device-width,initial-scale=1,maximum-scale=1,user-scalable=no"/><meta name="content-type" content="text/html; charset=UTF-8"/><title></title><meta name="description" content=""/><meta name="keywords" content=""/><link rel="shortcut icon" href="//ctrip.com/favicon.ico"/><link rel="stylesheet" type="text/css" href="https://ak-s-cw.tripcdn.com/modules/vacation/tour-opentrip-online/style/sass/antd.min.css"/><link rel="stylesheet" type="text/css" href="https://ak-s-cw.tripcdn.com/modules/vacation/tour-opentrip-online/style/style.1.1.70.1726044963894.css"/></head><body><div id="foo"></div><div id="root"></div><div id="bar"></div><div id="modal"></div><input type="hidden" id="page_id" value="wait"/><script>
            (function() {
              window.__APP_SETTINGS__ = {"type":"createHistory","basename":"","context":{"basename":"","publicPath":"https://ak-s-cw.tripcdn.com/modules/vacation/tour-opentrip-online","staticPath":"/static","restapi":"https://www.trip.com/restapi/soa2","env":"prod","appId":"100041145","h5Version":"1.1.70","preload":{},"assets":{"manifest.json":"manifest.json","commonTests/README.md":"commonTests/README.md","style/font.scss":"style/font.scss","style/import.css":"style/import.css","style/import.scss":"style/import.scss","style/style.1.1.70.1726044963894.css":"style/style.1.1.70.1726044963894.css","style/css/docs.1.1.70.1726044963894.css":"style/css/docs.1.1.70.1726044963894.css","style/css/help.1.1.70.1726044963894.css":"style/css/help.1.1.70.1726044963894.css","style/css/index.1.1.70.1726044963894.css":"style/css/index.1.1.70.1726044963894.css","style/css/notice.1.1.70.1726044963894.css":"style/css/notice.1.1.70.1726044963894.css","style/css/ttd.1.1.70.1726044963894.css":"style/css/ttd.1.1.70.1726044963894.css","style/assets/169c1b4002c5895b.ttf":"style/assets/169c1b4002c5895b.ttf","style/assets/1752deffbb28d68b.eot":"style/assets/1752deffbb28d68b.eot","style/assets/2b3851e16e88003d.svg":"style/assets/2b3851e16e88003d.svg","style/assets/2f12708aa8880959.woff":"style/assets/2f12708aa8880959.woff","style/assets/40c921c13890b8fc.svg":"style/assets/40c921c13890b8fc.svg","style/assets/4282a8f3ce4eea1f.ttf":"style/assets/4282a8f3ce4eea1f.ttf","style/assets/463c0fd6016631cb.svg":"style/assets/463c0fd6016631cb.svg","style/assets/4b5479aa64b4c8c4.png":"style/assets/4b5479aa64b4c8c4.png","style/assets/54b26ce01077d8ef.woff":"style/assets/54b26ce01077d8ef.woff","style/assets/7047ab7ba83cb6c0.eot":"style/assets/7047ab7ba83cb6c0.eot","style/assets/9a10b10dce021cb7.woff2":"style/assets/9a10b10dce021cb7.woff2","style/assets/bd6294ed4b1bc72d.ttf":"style/assets/bd6294ed4b1bc72d.ttf","style/assets/f2d78608ea2ae3a9.woff":"style/assets/f2d78608ea2ae3a9.woff","style/font/gico.eot":"style/font/gico.eot","style/font/gico.ttf":"style/font/gico.ttf","style/font/gico.woff":"style/font/gico.woff","style/img/404.png":"style/img/404.png","style/img/Trip.com_blue.png":"style/img/Trip.com_blue.png","style/img/Trip.com_white.png":"style/img/Trip.com_white.png","style/img/back_old_1.png":"style/img/back_old_1.png","style/img/back_old_2.png":"style/img/back_old_2.png","style/img/banner.jpg":"style/img/banner.jpg","style/img/help_docking.png":"style/img/help_docking.png","style/img/help_docking_active.png":"style/img/help_docking_active.png","style/img/help_order.png":"style/img/help_order.png","style/img/help_order_active.png":"style/img/help_order_active.png","style/img/help_other.png":"style/img/help_other.png","style/img/help_other_active.png":"style/img/help_other_active.png","style/img/help_process.png":"style/img/help_process.png","style/img/help_process_active.png":"style/img/help_process_active.png","style/img/help_safe.png":"style/img/help_safe.png","style/img/help_safe_active.png":"style/img/help_safe_active.png","style/img/help_sanbox.png":"style/img/help_sanbox.png","style/img/help_sanbox_active.png":"style/img/help_sanbox_active.png","style/img/index_advan_1.png":"style/img/index_advan_1.png","style/img/index_advan_2.png":"style/img/index_advan_2.png","style/img/index_advan_3.png":"style/img/index_advan_3.png","style/img/index_advan_4.png":"style/img/index_advan_4.png","style/img/index_advan_bg.png":"style/img/index_advan_bg.png","style/img/index_advan_icon.png":"style/img/index_advan_icon.png","style/img/index_banner.png":"style/img/index_banner.png","style/img/index_docking_1.png":"style/img/index_docking_1.png","style/img/index_docking_2.png":"style/img/index_docking_2.png","style/img/index_docking_bg.png":"style/img/index_docking_bg.png","style/img/index_play_1.png":"style/img/index_play_1.png","style/img/index_play_2.png":"style/img/index_play_2.png","style/img/index_process_1.png":"style/img/index_process_1.png","style/img/index_process_2.png":"style/img/index_process_2.png","style/img/index_process_3.png":"style/img/index_process_3.png","style/img/index_process_4.png":"style/img/index_process_4.png","style/img/index_resolve_bg.png":"style/img/index_resolve_bg.png","style/img/logo_cn.png":"style/img/logo_cn.png","style/img/logo_cn_ttd.png":"style/img/logo_cn_ttd.png","style/img/logo_en.png":"style/img/logo_en.png","style/img/logo_en_ttd.png":"style/img/logo_en_ttd.png","style/img/logo_footer_cn.png":"style/img/logo_footer_cn.png","style/img/logo_footer_cn_ttd.png":"style/img/logo_footer_cn_ttd.png","style/img/logo_footer_en.png":"style/img/logo_footer_en.png","style/img/logo_footer_en_ttd.png":"style/img/logo_footer_en_ttd.png","style/img/question_1.png":"style/img/question_1.png","style/img/question_2.png":"style/img/question_2.png","style/img/second_bg.png":"style/img/second_bg.png","style/sass/antd.min.css":"style/sass/antd.min.css","style/sass/docs.scss":"style/sass/docs.scss","style/sass/help.scss":"style/sass/help.scss","style/sass/index.scss":"style/sass/index.scss","style/sass/notice.scss":"style/sass/notice.scss","style/sass/ttd.scss":"style/sass/ttd.scss","style/svg/delete.svg":"style/svg/delete.svg","style/svg/down_arrow.svg":"style/svg/down_arrow.svg","style/svg/notice.svg":"style/svg/notice.svg","style/svg/right_arrow.svg":"style/svg/right_arrow.svg","style/svg/search.svg":"style/svg/search.svg","style/svg/up_arrow.svg":"style/svg/up_arrow.svg","style/sass/common/page.scss":"style/sass/common/page.scss","style/sass/common/widget.scss":"style/sass/common/widget.scss","style/sass/tpl/_font.tpl":"style/sass/tpl/_font.tpl","style/sass/utils/_all.scss":"style/sass/utils/_all.scss","style/sass/utils/_color.scss":"style/sass/utils/_color.scss","style/sass/utils/_common.scss":"style/sass/utils/_common.scss","style/sass/utils/_flex.scss":"style/sass/utils/_flex.scss","style/sass/utils/_font.scss":"style/sass/utils/_font.scss","style/sass/utils/_icon.scss":"style/sass/utils/_icon.scss","style/sass/utils/_reset.scss":"style/sass/utils/_reset.scss","vendor.js":"js/vendor-db7a6f.js","vendor":"js/vendor-db7a6f.js","index.js":"js/index-8b1d09.js","index":"js/index-8b1d09.js","js/2-5ccfad.js":"js/2-5ccfad.js","js/2-5ccfad":"js/2-5ccfad.js","js/3-159dfe.js":"js/3-159dfe.js","js/3-159dfe":"js/3-159dfe.js","js/4-cf8241.js":"js/4-cf8241.js","js/4-cf8241":"js/4-cf8241.js","js/5-8ca36b.js":"js/5-8ca36b.js","js/5-8ca36b":"js/5-8ca36b.js","js/6-d96bee.js":"js/6-d96bee.js","js/6-d96bee":"js/6-d96bee.js","js/7-e6ae9a.js":"js/7-e6ae9a.js","js/7-e6ae9a":"js/7-e6ae9a.js","js/vendor-db7a6f.js.LICENSE.txt":"js/vendor-db7a6f.js.LICENSE.txt"},"clientIp":"103.200.23.68"}}
              window.__PUBLIC_PATH__ = 'https://ak-s-cw.tripcdn.com/modules/vacation/tour-opentrip-online'
              window.cargoContext = {"cookies":null,"queries":{"locale":"zh-cn"},"path":null,"contextSource":{"locale":"queryString","strictLocale":"","currency":"default","measurement":"","temperature":"","hourclock":"","country":""}}
            })()
          </script><script>
            (function() {
							try {
								window.__INITIAL_STATE__ = undefined
							} catch(error) {
								console.log('parse initial-state failed', error.stack)
							}
            })()
          </script><script src="https://ak-s-cw.tripcdn.com/modules/vacation/tour-opentrip-online/js/vendor-db7a6f.js"></script><script src="https://ak-s-cw.tripcdn.com/modules/vacation/tour-opentrip-online/js/index-8b1d09.js"></script><script>
              ; (function() {
                  window.__bfi = window.__bfi || [];
                  if (! (window.$_bf && window.$_bf.loaded || window.$LAB || window.CtripJsLoader)) {
                      var a = new Date,
                      b = !1,
                      c = "?v=" + a.getFullYear() + a.getMonth() + "_" + a.getDate(),
                      a = document.createElement("script");
                      a.type = "text/javascript";
                      a.charset = "utf-8";
                      a.async = !0;
                      try {
                          b = "https:" == location.protocol
                      } catch(d) {}
                      a.src = ((b ? "https:": "http:")) + "//webresource.tripcdn.com/ares2/sysdev/ubt/*/default/_bfa.min.js" + c;
                      b = document.getElementsByTagName("script")[0];
                      b.parentNode.insertBefore(a, b)
                  }
              })();
            </script></body></html>

[2025-06-26 22:58:51] URL: https://ttdopen.ctrip.com/api/PayPreOrderConfirm.do
Payload: {"header":{"accountId":"9a61dfc211eab470","serviceName":"PayPreOrderConfirm","requestTime":"2025-06-26 22:58:49","version":"1.0","sign":"061290e3f6f53df7608635ae4f72cfbd"},"body":"mdoobfebjappcgfdjkdnlgjdcmgknfnjgfinbgoobcglmjmbncppeponlobdlpgclcmagiimchnpmbihajehnkpkgdoonmbeaecmconhcehhikoabbgnippgencejoebcggmamnlcjlbmknkdhdkcmbaepaboabcekmpgcgdnpoooikicpglhfpeobkhecmgmhjglmookoboloooabkbjkjoacgdocooognlfbdplncndmcdembhddpkknmpmfmhfjelbhfgeldhkjcdgiichiadhmiejneo"}
HTTP Code: 200
Response: <!DOCTYPE html><html><head><meta charSet="utf-8"/><meta http-equiv="X-UA-Compatible" content="IE=edge"/><meta name="author" content="Trip.com"/><meta name="viewport" content="width=device-width,initial-scale=1,maximum-scale=1,user-scalable=no"/><meta name="content-type" content="text/html; charset=UTF-8"/><title></title><meta name="description" content=""/><meta name="keywords" content=""/><link rel="shortcut icon" href="//ctrip.com/favicon.ico"/><link rel="stylesheet" type="text/css" href="https://ak-s-cw.tripcdn.com/modules/vacation/tour-opentrip-online/style/sass/antd.min.css"/><link rel="stylesheet" type="text/css" href="https://ak-s-cw.tripcdn.com/modules/vacation/tour-opentrip-online/style/style.1.1.70.1726044963894.css"/></head><body><div id="foo"></div><div id="root"></div><div id="bar"></div><div id="modal"></div><input type="hidden" id="page_id" value="wait"/><script>
            (function() {
              window.__APP_SETTINGS__ = {"type":"createHistory","basename":"","context":{"basename":"","publicPath":"https://ak-s-cw.tripcdn.com/modules/vacation/tour-opentrip-online","staticPath":"/static","restapi":"https://www.trip.com/restapi/soa2","env":"prod","appId":"100041145","h5Version":"1.1.70","preload":{},"assets":{"manifest.json":"manifest.json","commonTests/README.md":"commonTests/README.md","style/font.scss":"style/font.scss","style/import.css":"style/import.css","style/import.scss":"style/import.scss","style/style.1.1.70.1726044963894.css":"style/style.1.1.70.1726044963894.css","style/css/docs.1.1.70.1726044963894.css":"style/css/docs.1.1.70.1726044963894.css","style/css/help.1.1.70.1726044963894.css":"style/css/help.1.1.70.1726044963894.css","style/css/index.1.1.70.1726044963894.css":"style/css/index.1.1.70.1726044963894.css","style/css/notice.1.1.70.1726044963894.css":"style/css/notice.1.1.70.1726044963894.css","style/css/ttd.1.1.70.1726044963894.css":"style/css/ttd.1.1.70.1726044963894.css","style/assets/169c1b4002c5895b.ttf":"style/assets/169c1b4002c5895b.ttf","style/assets/1752deffbb28d68b.eot":"style/assets/1752deffbb28d68b.eot","style/assets/2b3851e16e88003d.svg":"style/assets/2b3851e16e88003d.svg","style/assets/2f12708aa8880959.woff":"style/assets/2f12708aa8880959.woff","style/assets/40c921c13890b8fc.svg":"style/assets/40c921c13890b8fc.svg","style/assets/4282a8f3ce4eea1f.ttf":"style/assets/4282a8f3ce4eea1f.ttf","style/assets/463c0fd6016631cb.svg":"style/assets/463c0fd6016631cb.svg","style/assets/4b5479aa64b4c8c4.png":"style/assets/4b5479aa64b4c8c4.png","style/assets/54b26ce01077d8ef.woff":"style/assets/54b26ce01077d8ef.woff","style/assets/7047ab7ba83cb6c0.eot":"style/assets/7047ab7ba83cb6c0.eot","style/assets/9a10b10dce021cb7.woff2":"style/assets/9a10b10dce021cb7.woff2","style/assets/bd6294ed4b1bc72d.ttf":"style/assets/bd6294ed4b1bc72d.ttf","style/assets/f2d78608ea2ae3a9.woff":"style/assets/f2d78608ea2ae3a9.woff","style/font/gico.eot":"style/font/gico.eot","style/font/gico.ttf":"style/font/gico.ttf","style/font/gico.woff":"style/font/gico.woff","style/img/404.png":"style/img/404.png","style/img/Trip.com_blue.png":"style/img/Trip.com_blue.png","style/img/Trip.com_white.png":"style/img/Trip.com_white.png","style/img/back_old_1.png":"style/img/back_old_1.png","style/img/back_old_2.png":"style/img/back_old_2.png","style/img/banner.jpg":"style/img/banner.jpg","style/img/help_docking.png":"style/img/help_docking.png","style/img/help_docking_active.png":"style/img/help_docking_active.png","style/img/help_order.png":"style/img/help_order.png","style/img/help_order_active.png":"style/img/help_order_active.png","style/img/help_other.png":"style/img/help_other.png","style/img/help_other_active.png":"style/img/help_other_active.png","style/img/help_process.png":"style/img/help_process.png","style/img/help_process_active.png":"style/img/help_process_active.png","style/img/help_safe.png":"style/img/help_safe.png","style/img/help_safe_active.png":"style/img/help_safe_active.png","style/img/help_sanbox.png":"style/img/help_sanbox.png","style/img/help_sanbox_active.png":"style/img/help_sanbox_active.png","style/img/index_advan_1.png":"style/img/index_advan_1.png","style/img/index_advan_2.png":"style/img/index_advan_2.png","style/img/index_advan_3.png":"style/img/index_advan_3.png","style/img/index_advan_4.png":"style/img/index_advan_4.png","style/img/index_advan_bg.png":"style/img/index_advan_bg.png","style/img/index_advan_icon.png":"style/img/index_advan_icon.png","style/img/index_banner.png":"style/img/index_banner.png","style/img/index_docking_1.png":"style/img/index_docking_1.png","style/img/index_docking_2.png":"style/img/index_docking_2.png","style/img/index_docking_bg.png":"style/img/index_docking_bg.png","style/img/index_play_1.png":"style/img/index_play_1.png","style/img/index_play_2.png":"style/img/index_play_2.png","style/img/index_process_1.png":"style/img/index_process_1.png","style/img/index_process_2.png":"style/img/index_process_2.png","style/img/index_process_3.png":"style/img/index_process_3.png","style/img/index_process_4.png":"style/img/index_process_4.png","style/img/index_resolve_bg.png":"style/img/index_resolve_bg.png","style/img/logo_cn.png":"style/img/logo_cn.png","style/img/logo_cn_ttd.png":"style/img/logo_cn_ttd.png","style/img/logo_en.png":"style/img/logo_en.png","style/img/logo_en_ttd.png":"style/img/logo_en_ttd.png","style/img/logo_footer_cn.png":"style/img/logo_footer_cn.png","style/img/logo_footer_cn_ttd.png":"style/img/logo_footer_cn_ttd.png","style/img/logo_footer_en.png":"style/img/logo_footer_en.png","style/img/logo_footer_en_ttd.png":"style/img/logo_footer_en_ttd.png","style/img/question_1.png":"style/img/question_1.png","style/img/question_2.png":"style/img/question_2.png","style/img/second_bg.png":"style/img/second_bg.png","style/sass/antd.min.css":"style/sass/antd.min.css","style/sass/docs.scss":"style/sass/docs.scss","style/sass/help.scss":"style/sass/help.scss","style/sass/index.scss":"style/sass/index.scss","style/sass/notice.scss":"style/sass/notice.scss","style/sass/ttd.scss":"style/sass/ttd.scss","style/svg/delete.svg":"style/svg/delete.svg","style/svg/down_arrow.svg":"style/svg/down_arrow.svg","style/svg/notice.svg":"style/svg/notice.svg","style/svg/right_arrow.svg":"style/svg/right_arrow.svg","style/svg/search.svg":"style/svg/search.svg","style/svg/up_arrow.svg":"style/svg/up_arrow.svg","style/sass/common/page.scss":"style/sass/common/page.scss","style/sass/common/widget.scss":"style/sass/common/widget.scss","style/sass/tpl/_font.tpl":"style/sass/tpl/_font.tpl","style/sass/utils/_all.scss":"style/sass/utils/_all.scss","style/sass/utils/_color.scss":"style/sass/utils/_color.scss","style/sass/utils/_common.scss":"style/sass/utils/_common.scss","style/sass/utils/_flex.scss":"style/sass/utils/_flex.scss","style/sass/utils/_font.scss":"style/sass/utils/_font.scss","style/sass/utils/_icon.scss":"style/sass/utils/_icon.scss","style/sass/utils/_reset.scss":"style/sass/utils/_reset.scss","vendor.js":"js/vendor-db7a6f.js","vendor":"js/vendor-db7a6f.js","index.js":"js/index-8b1d09.js","index":"js/index-8b1d09.js","js/2-5ccfad.js":"js/2-5ccfad.js","js/2-5ccfad":"js/2-5ccfad.js","js/3-159dfe.js":"js/3-159dfe.js","js/3-159dfe":"js/3-159dfe.js","js/4-cf8241.js":"js/4-cf8241.js","js/4-cf8241":"js/4-cf8241.js","js/5-8ca36b.js":"js/5-8ca36b.js","js/5-8ca36b":"js/5-8ca36b.js","js/6-d96bee.js":"js/6-d96bee.js","js/6-d96bee":"js/6-d96bee.js","js/7-e6ae9a.js":"js/7-e6ae9a.js","js/7-e6ae9a":"js/7-e6ae9a.js","js/vendor-db7a6f.js.LICENSE.txt":"js/vendor-db7a6f.js.LICENSE.txt"},"clientIp":"103.200.23.68"}}
              window.__PUBLIC_PATH__ = 'https://ak-s-cw.tripcdn.com/modules/vacation/tour-opentrip-online'
              window.cargoContext = {"cookies":null,"queries":{"locale":"zh-cn"},"path":null,"contextSource":{"locale":"queryString","strictLocale":"","currency":"default","measurement":"","temperature":"","hourclock":"","country":""}}
            })()
          </script><script>
            (function() {
							try {
								window.__INITIAL_STATE__ = undefined
							} catch(error) {
								console.log('parse initial-state failed', error.stack)
							}
            })()
          </script><script src="https://ak-s-cw.tripcdn.com/modules/vacation/tour-opentrip-online/js/vendor-db7a6f.js"></script><script src="https://ak-s-cw.tripcdn.com/modules/vacation/tour-opentrip-online/js/index-8b1d09.js"></script><script>
              ; (function() {
                  window.__bfi = window.__bfi || [];
                  if (! (window.$_bf && window.$_bf.loaded || window.$LAB || window.CtripJsLoader)) {
                      var a = new Date,
                      b = !1,
                      c = "?v=" + a.getFullYear() + a.getMonth() + "_" + a.getDate(),
                      a = document.createElement("script");
                      a.type = "text/javascript";
                      a.charset = "utf-8";
                      a.async = !0;
                      try {
                          b = "https:" == location.protocol
                      } catch(d) {}
                      a.src = ((b ? "https:": "http:")) + "//webresource.tripcdn.com/ares2/sysdev/ubt/*/default/_bfa.min.js" + c;
                      b = document.getElementsByTagName("script")[0];
                      b.parentNode.insertBefore(a, b)
                  }
              })();
            </script></body></html>

[2025-06-26 22:58:53] URL: https://ttdopen.ctrip.com/api/PayPreOrderConfirm.do
Payload: {"header":{"accountId":"9a61dfc211eab470","serviceName":"PayPreOrderConfirm","requestTime":"2025-06-26 22:58:52","version":"1.0","sign":"8e0220d2a4b0ae6dd7023a0ee76831c0"},"body":"mdoobfebjappcgfdjkdnlgjdcmgknfnjkakckckalekkeldnohnplbedejekodffapiccnjjajekoeljoaanhepmgfnbbhjnpejcjligmgaapfjjcciianghognlgonghdgnjhmdcncihlncnfijeeckijmnfleacemehhlbllcnialbopeekchpcpfohmnancaafdbfniocjcdelkdiokblninlncgpfjdhcjnchfdnkjledojiodiinccbfkpbecnacfklbiplbhbjkfolicieibcmbcfb"}
HTTP Code: 200
Response: <!DOCTYPE html><html><head><meta charSet="utf-8"/><meta http-equiv="X-UA-Compatible" content="IE=edge"/><meta name="author" content="Trip.com"/><meta name="viewport" content="width=device-width,initial-scale=1,maximum-scale=1,user-scalable=no"/><meta name="content-type" content="text/html; charset=UTF-8"/><title></title><meta name="description" content=""/><meta name="keywords" content=""/><link rel="shortcut icon" href="//ctrip.com/favicon.ico"/><link rel="stylesheet" type="text/css" href="https://ak-s-cw.tripcdn.com/modules/vacation/tour-opentrip-online/style/sass/antd.min.css"/><link rel="stylesheet" type="text/css" href="https://ak-s-cw.tripcdn.com/modules/vacation/tour-opentrip-online/style/style.1.1.70.1726044963894.css"/></head><body><div id="foo"></div><div id="root"></div><div id="bar"></div><div id="modal"></div><input type="hidden" id="page_id" value="wait"/><script>
            (function() {
              window.__APP_SETTINGS__ = {"type":"createHistory","basename":"","context":{"basename":"","publicPath":"https://ak-s-cw.tripcdn.com/modules/vacation/tour-opentrip-online","staticPath":"/static","restapi":"https://www.trip.com/restapi/soa2","env":"prod","appId":"100041145","h5Version":"1.1.70","preload":{},"assets":{"manifest.json":"manifest.json","commonTests/README.md":"commonTests/README.md","style/font.scss":"style/font.scss","style/import.css":"style/import.css","style/import.scss":"style/import.scss","style/style.1.1.70.1726044963894.css":"style/style.1.1.70.1726044963894.css","style/css/docs.1.1.70.1726044963894.css":"style/css/docs.1.1.70.1726044963894.css","style/css/help.1.1.70.1726044963894.css":"style/css/help.1.1.70.1726044963894.css","style/css/index.1.1.70.1726044963894.css":"style/css/index.1.1.70.1726044963894.css","style/css/notice.1.1.70.1726044963894.css":"style/css/notice.1.1.70.1726044963894.css","style/css/ttd.1.1.70.1726044963894.css":"style/css/ttd.1.1.70.1726044963894.css","style/assets/169c1b4002c5895b.ttf":"style/assets/169c1b4002c5895b.ttf","style/assets/1752deffbb28d68b.eot":"style/assets/1752deffbb28d68b.eot","style/assets/2b3851e16e88003d.svg":"style/assets/2b3851e16e88003d.svg","style/assets/2f12708aa8880959.woff":"style/assets/2f12708aa8880959.woff","style/assets/40c921c13890b8fc.svg":"style/assets/40c921c13890b8fc.svg","style/assets/4282a8f3ce4eea1f.ttf":"style/assets/4282a8f3ce4eea1f.ttf","style/assets/463c0fd6016631cb.svg":"style/assets/463c0fd6016631cb.svg","style/assets/4b5479aa64b4c8c4.png":"style/assets/4b5479aa64b4c8c4.png","style/assets/54b26ce01077d8ef.woff":"style/assets/54b26ce01077d8ef.woff","style/assets/7047ab7ba83cb6c0.eot":"style/assets/7047ab7ba83cb6c0.eot","style/assets/9a10b10dce021cb7.woff2":"style/assets/9a10b10dce021cb7.woff2","style/assets/bd6294ed4b1bc72d.ttf":"style/assets/bd6294ed4b1bc72d.ttf","style/assets/f2d78608ea2ae3a9.woff":"style/assets/f2d78608ea2ae3a9.woff","style/font/gico.eot":"style/font/gico.eot","style/font/gico.ttf":"style/font/gico.ttf","style/font/gico.woff":"style/font/gico.woff","style/img/404.png":"style/img/404.png","style/img/Trip.com_blue.png":"style/img/Trip.com_blue.png","style/img/Trip.com_white.png":"style/img/Trip.com_white.png","style/img/back_old_1.png":"style/img/back_old_1.png","style/img/back_old_2.png":"style/img/back_old_2.png","style/img/banner.jpg":"style/img/banner.jpg","style/img/help_docking.png":"style/img/help_docking.png","style/img/help_docking_active.png":"style/img/help_docking_active.png","style/img/help_order.png":"style/img/help_order.png","style/img/help_order_active.png":"style/img/help_order_active.png","style/img/help_other.png":"style/img/help_other.png","style/img/help_other_active.png":"style/img/help_other_active.png","style/img/help_process.png":"style/img/help_process.png","style/img/help_process_active.png":"style/img/help_process_active.png","style/img/help_safe.png":"style/img/help_safe.png","style/img/help_safe_active.png":"style/img/help_safe_active.png","style/img/help_sanbox.png":"style/img/help_sanbox.png","style/img/help_sanbox_active.png":"style/img/help_sanbox_active.png","style/img/index_advan_1.png":"style/img/index_advan_1.png","style/img/index_advan_2.png":"style/img/index_advan_2.png","style/img/index_advan_3.png":"style/img/index_advan_3.png","style/img/index_advan_4.png":"style/img/index_advan_4.png","style/img/index_advan_bg.png":"style/img/index_advan_bg.png","style/img/index_advan_icon.png":"style/img/index_advan_icon.png","style/img/index_banner.png":"style/img/index_banner.png","style/img/index_docking_1.png":"style/img/index_docking_1.png","style/img/index_docking_2.png":"style/img/index_docking_2.png","style/img/index_docking_bg.png":"style/img/index_docking_bg.png","style/img/index_play_1.png":"style/img/index_play_1.png","style/img/index_play_2.png":"style/img/index_play_2.png","style/img/index_process_1.png":"style/img/index_process_1.png","style/img/index_process_2.png":"style/img/index_process_2.png","style/img/index_process_3.png":"style/img/index_process_3.png","style/img/index_process_4.png":"style/img/index_process_4.png","style/img/index_resolve_bg.png":"style/img/index_resolve_bg.png","style/img/logo_cn.png":"style/img/logo_cn.png","style/img/logo_cn_ttd.png":"style/img/logo_cn_ttd.png","style/img/logo_en.png":"style/img/logo_en.png","style/img/logo_en_ttd.png":"style/img/logo_en_ttd.png","style/img/logo_footer_cn.png":"style/img/logo_footer_cn.png","style/img/logo_footer_cn_ttd.png":"style/img/logo_footer_cn_ttd.png","style/img/logo_footer_en.png":"style/img/logo_footer_en.png","style/img/logo_footer_en_ttd.png":"style/img/logo_footer_en_ttd.png","style/img/question_1.png":"style/img/question_1.png","style/img/question_2.png":"style/img/question_2.png","style/img/second_bg.png":"style/img/second_bg.png","style/sass/antd.min.css":"style/sass/antd.min.css","style/sass/docs.scss":"style/sass/docs.scss","style/sass/help.scss":"style/sass/help.scss","style/sass/index.scss":"style/sass/index.scss","style/sass/notice.scss":"style/sass/notice.scss","style/sass/ttd.scss":"style/sass/ttd.scss","style/svg/delete.svg":"style/svg/delete.svg","style/svg/down_arrow.svg":"style/svg/down_arrow.svg","style/svg/notice.svg":"style/svg/notice.svg","style/svg/right_arrow.svg":"style/svg/right_arrow.svg","style/svg/search.svg":"style/svg/search.svg","style/svg/up_arrow.svg":"style/svg/up_arrow.svg","style/sass/common/page.scss":"style/sass/common/page.scss","style/sass/common/widget.scss":"style/sass/common/widget.scss","style/sass/tpl/_font.tpl":"style/sass/tpl/_font.tpl","style/sass/utils/_all.scss":"style/sass/utils/_all.scss","style/sass/utils/_color.scss":"style/sass/utils/_color.scss","style/sass/utils/_common.scss":"style/sass/utils/_common.scss","style/sass/utils/_flex.scss":"style/sass/utils/_flex.scss","style/sass/utils/_font.scss":"style/sass/utils/_font.scss","style/sass/utils/_icon.scss":"style/sass/utils/_icon.scss","style/sass/utils/_reset.scss":"style/sass/utils/_reset.scss","vendor.js":"js/vendor-db7a6f.js","vendor":"js/vendor-db7a6f.js","index.js":"js/index-8b1d09.js","index":"js/index-8b1d09.js","js/2-5ccfad.js":"js/2-5ccfad.js","js/2-5ccfad":"js/2-5ccfad.js","js/3-159dfe.js":"js/3-159dfe.js","js/3-159dfe":"js/3-159dfe.js","js/4-cf8241.js":"js/4-cf8241.js","js/4-cf8241":"js/4-cf8241.js","js/5-8ca36b.js":"js/5-8ca36b.js","js/5-8ca36b":"js/5-8ca36b.js","js/6-d96bee.js":"js/6-d96bee.js","js/6-d96bee":"js/6-d96bee.js","js/7-e6ae9a.js":"js/7-e6ae9a.js","js/7-e6ae9a":"js/7-e6ae9a.js","js/vendor-db7a6f.js.LICENSE.txt":"js/vendor-db7a6f.js.LICENSE.txt"},"clientIp":"103.200.23.68"}}
              window.__PUBLIC_PATH__ = 'https://ak-s-cw.tripcdn.com/modules/vacation/tour-opentrip-online'
              window.cargoContext = {"cookies":null,"queries":{"locale":"zh-cn"},"path":null,"contextSource":{"locale":"queryString","strictLocale":"","currency":"default","measurement":"","temperature":"","hourclock":"","country":""}}
            })()
          </script><script>
            (function() {
							try {
								window.__INITIAL_STATE__ = undefined
							} catch(error) {
								console.log('parse initial-state failed', error.stack)
							}
            })()
          </script><script src="https://ak-s-cw.tripcdn.com/modules/vacation/tour-opentrip-online/js/vendor-db7a6f.js"></script><script src="https://ak-s-cw.tripcdn.com/modules/vacation/tour-opentrip-online/js/index-8b1d09.js"></script><script>
              ; (function() {
                  window.__bfi = window.__bfi || [];
                  if (! (window.$_bf && window.$_bf.loaded || window.$LAB || window.CtripJsLoader)) {
                      var a = new Date,
                      b = !1,
                      c = "?v=" + a.getFullYear() + a.getMonth() + "_" + a.getDate(),
                      a = document.createElement("script");
                      a.type = "text/javascript";
                      a.charset = "utf-8";
                      a.async = !0;
                      try {
                          b = "https:" == location.protocol
                      } catch(d) {}
                      a.src = ((b ? "https:": "http:")) + "//webresource.tripcdn.com/ares2/sysdev/ubt/*/default/_bfa.min.js" + c;
                      b = document.getElementsByTagName("script")[0];
                      b.parentNode.insertBefore(a, b)
                  }
              })();
            </script></body></html>

[2025-06-26 22:58:53] URL: https://ttdopen.ctrip.com/api/PayPreOrderConfirm.do
Payload: {"header":{"accountId":"9a61dfc211eab470","serviceName":"PayPreOrderConfirm","requestTime":"2025-06-26 22:58:52","version":"1.0","sign":"57e2bef866654cdeef11587d914c2998"},"body":"mdoobfebjappcgfdjkdnlgjdcmgknfnjifikhopmppikbnpbchgkcfdlgalibacckhblooaghlkmkcdoonppleobknilgopjoemmampdlmeickdmljmfjhmgigggjbjfcpnggkebflkdcdonfeofacmhbjfikigbbgbijlmcomjnajkbddjohifcgdmjalnkfekkiodjkfchdplnjdemojcdieoidmkdegmpcobpjjhfeholnilocgdjpemelphafecmceenmdicpojacaeacfengkilhnen"}
HTTP Code: 200
Response: <!DOCTYPE html><html><head><meta charSet="utf-8"/><meta http-equiv="X-UA-Compatible" content="IE=edge"/><meta name="author" content="Trip.com"/><meta name="viewport" content="width=device-width,initial-scale=1,maximum-scale=1,user-scalable=no"/><meta name="content-type" content="text/html; charset=UTF-8"/><title></title><meta name="description" content=""/><meta name="keywords" content=""/><link rel="shortcut icon" href="//ctrip.com/favicon.ico"/><link rel="stylesheet" type="text/css" href="https://ak-s-cw.tripcdn.com/modules/vacation/tour-opentrip-online/style/sass/antd.min.css"/><link rel="stylesheet" type="text/css" href="https://ak-s-cw.tripcdn.com/modules/vacation/tour-opentrip-online/style/style.1.1.70.1726044963894.css"/></head><body><div id="foo"></div><div id="root"></div><div id="bar"></div><div id="modal"></div><input type="hidden" id="page_id" value="wait"/><script>
            (function() {
              window.__APP_SETTINGS__ = {"type":"createHistory","basename":"","context":{"basename":"","publicPath":"https://ak-s-cw.tripcdn.com/modules/vacation/tour-opentrip-online","staticPath":"/static","restapi":"https://www.trip.com/restapi/soa2","env":"prod","appId":"100041145","h5Version":"1.1.70","preload":{},"assets":{"manifest.json":"manifest.json","commonTests/README.md":"commonTests/README.md","style/font.scss":"style/font.scss","style/import.css":"style/import.css","style/import.scss":"style/import.scss","style/style.1.1.70.1726044963894.css":"style/style.1.1.70.1726044963894.css","style/css/docs.1.1.70.1726044963894.css":"style/css/docs.1.1.70.1726044963894.css","style/css/help.1.1.70.1726044963894.css":"style/css/help.1.1.70.1726044963894.css","style/css/index.1.1.70.1726044963894.css":"style/css/index.1.1.70.1726044963894.css","style/css/notice.1.1.70.1726044963894.css":"style/css/notice.1.1.70.1726044963894.css","style/css/ttd.1.1.70.1726044963894.css":"style/css/ttd.1.1.70.1726044963894.css","style/assets/169c1b4002c5895b.ttf":"style/assets/169c1b4002c5895b.ttf","style/assets/1752deffbb28d68b.eot":"style/assets/1752deffbb28d68b.eot","style/assets/2b3851e16e88003d.svg":"style/assets/2b3851e16e88003d.svg","style/assets/2f12708aa8880959.woff":"style/assets/2f12708aa8880959.woff","style/assets/40c921c13890b8fc.svg":"style/assets/40c921c13890b8fc.svg","style/assets/4282a8f3ce4eea1f.ttf":"style/assets/4282a8f3ce4eea1f.ttf","style/assets/463c0fd6016631cb.svg":"style/assets/463c0fd6016631cb.svg","style/assets/4b5479aa64b4c8c4.png":"style/assets/4b5479aa64b4c8c4.png","style/assets/54b26ce01077d8ef.woff":"style/assets/54b26ce01077d8ef.woff","style/assets/7047ab7ba83cb6c0.eot":"style/assets/7047ab7ba83cb6c0.eot","style/assets/9a10b10dce021cb7.woff2":"style/assets/9a10b10dce021cb7.woff2","style/assets/bd6294ed4b1bc72d.ttf":"style/assets/bd6294ed4b1bc72d.ttf","style/assets/f2d78608ea2ae3a9.woff":"style/assets/f2d78608ea2ae3a9.woff","style/font/gico.eot":"style/font/gico.eot","style/font/gico.ttf":"style/font/gico.ttf","style/font/gico.woff":"style/font/gico.woff","style/img/404.png":"style/img/404.png","style/img/Trip.com_blue.png":"style/img/Trip.com_blue.png","style/img/Trip.com_white.png":"style/img/Trip.com_white.png","style/img/back_old_1.png":"style/img/back_old_1.png","style/img/back_old_2.png":"style/img/back_old_2.png","style/img/banner.jpg":"style/img/banner.jpg","style/img/help_docking.png":"style/img/help_docking.png","style/img/help_docking_active.png":"style/img/help_docking_active.png","style/img/help_order.png":"style/img/help_order.png","style/img/help_order_active.png":"style/img/help_order_active.png","style/img/help_other.png":"style/img/help_other.png","style/img/help_other_active.png":"style/img/help_other_active.png","style/img/help_process.png":"style/img/help_process.png","style/img/help_process_active.png":"style/img/help_process_active.png","style/img/help_safe.png":"style/img/help_safe.png","style/img/help_safe_active.png":"style/img/help_safe_active.png","style/img/help_sanbox.png":"style/img/help_sanbox.png","style/img/help_sanbox_active.png":"style/img/help_sanbox_active.png","style/img/index_advan_1.png":"style/img/index_advan_1.png","style/img/index_advan_2.png":"style/img/index_advan_2.png","style/img/index_advan_3.png":"style/img/index_advan_3.png","style/img/index_advan_4.png":"style/img/index_advan_4.png","style/img/index_advan_bg.png":"style/img/index_advan_bg.png","style/img/index_advan_icon.png":"style/img/index_advan_icon.png","style/img/index_banner.png":"style/img/index_banner.png","style/img/index_docking_1.png":"style/img/index_docking_1.png","style/img/index_docking_2.png":"style/img/index_docking_2.png","style/img/index_docking_bg.png":"style/img/index_docking_bg.png","style/img/index_play_1.png":"style/img/index_play_1.png","style/img/index_play_2.png":"style/img/index_play_2.png","style/img/index_process_1.png":"style/img/index_process_1.png","style/img/index_process_2.png":"style/img/index_process_2.png","style/img/index_process_3.png":"style/img/index_process_3.png","style/img/index_process_4.png":"style/img/index_process_4.png","style/img/index_resolve_bg.png":"style/img/index_resolve_bg.png","style/img/logo_cn.png":"style/img/logo_cn.png","style/img/logo_cn_ttd.png":"style/img/logo_cn_ttd.png","style/img/logo_en.png":"style/img/logo_en.png","style/img/logo_en_ttd.png":"style/img/logo_en_ttd.png","style/img/logo_footer_cn.png":"style/img/logo_footer_cn.png","style/img/logo_footer_cn_ttd.png":"style/img/logo_footer_cn_ttd.png","style/img/logo_footer_en.png":"style/img/logo_footer_en.png","style/img/logo_footer_en_ttd.png":"style/img/logo_footer_en_ttd.png","style/img/question_1.png":"style/img/question_1.png","style/img/question_2.png":"style/img/question_2.png","style/img/second_bg.png":"style/img/second_bg.png","style/sass/antd.min.css":"style/sass/antd.min.css","style/sass/docs.scss":"style/sass/docs.scss","style/sass/help.scss":"style/sass/help.scss","style/sass/index.scss":"style/sass/index.scss","style/sass/notice.scss":"style/sass/notice.scss","style/sass/ttd.scss":"style/sass/ttd.scss","style/svg/delete.svg":"style/svg/delete.svg","style/svg/down_arrow.svg":"style/svg/down_arrow.svg","style/svg/notice.svg":"style/svg/notice.svg","style/svg/right_arrow.svg":"style/svg/right_arrow.svg","style/svg/search.svg":"style/svg/search.svg","style/svg/up_arrow.svg":"style/svg/up_arrow.svg","style/sass/common/page.scss":"style/sass/common/page.scss","style/sass/common/widget.scss":"style/sass/common/widget.scss","style/sass/tpl/_font.tpl":"style/sass/tpl/_font.tpl","style/sass/utils/_all.scss":"style/sass/utils/_all.scss","style/sass/utils/_color.scss":"style/sass/utils/_color.scss","style/sass/utils/_common.scss":"style/sass/utils/_common.scss","style/sass/utils/_flex.scss":"style/sass/utils/_flex.scss","style/sass/utils/_font.scss":"style/sass/utils/_font.scss","style/sass/utils/_icon.scss":"style/sass/utils/_icon.scss","style/sass/utils/_reset.scss":"style/sass/utils/_reset.scss","vendor.js":"js/vendor-db7a6f.js","vendor":"js/vendor-db7a6f.js","index.js":"js/index-8b1d09.js","index":"js/index-8b1d09.js","js/2-5ccfad.js":"js/2-5ccfad.js","js/2-5ccfad":"js/2-5ccfad.js","js/3-159dfe.js":"js/3-159dfe.js","js/3-159dfe":"js/3-159dfe.js","js/4-cf8241.js":"js/4-cf8241.js","js/4-cf8241":"js/4-cf8241.js","js/5-8ca36b.js":"js/5-8ca36b.js","js/5-8ca36b":"js/5-8ca36b.js","js/6-d96bee.js":"js/6-d96bee.js","js/6-d96bee":"js/6-d96bee.js","js/7-e6ae9a.js":"js/7-e6ae9a.js","js/7-e6ae9a":"js/7-e6ae9a.js","js/vendor-db7a6f.js.LICENSE.txt":"js/vendor-db7a6f.js.LICENSE.txt"},"clientIp":"103.200.23.68"}}
              window.__PUBLIC_PATH__ = 'https://ak-s-cw.tripcdn.com/modules/vacation/tour-opentrip-online'
              window.cargoContext = {"cookies":null,"queries":{"locale":"zh-cn"},"path":null,"contextSource":{"locale":"queryString","strictLocale":"","currency":"default","measurement":"","temperature":"","hourclock":"","country":""}}
            })()
          </script><script>
            (function() {
							try {
								window.__INITIAL_STATE__ = undefined
							} catch(error) {
								console.log('parse initial-state failed', error.stack)
							}
            })()
          </script><script src="https://ak-s-cw.tripcdn.com/modules/vacation/tour-opentrip-online/js/vendor-db7a6f.js"></script><script src="https://ak-s-cw.tripcdn.com/modules/vacation/tour-opentrip-online/js/index-8b1d09.js"></script><script>
              ; (function() {
                  window.__bfi = window.__bfi || [];
                  if (! (window.$_bf && window.$_bf.loaded || window.$LAB || window.CtripJsLoader)) {
                      var a = new Date,
                      b = !1,
                      c = "?v=" + a.getFullYear() + a.getMonth() + "_" + a.getDate(),
                      a = document.createElement("script");
                      a.type = "text/javascript";
                      a.charset = "utf-8";
                      a.async = !0;
                      try {
                          b = "https:" == location.protocol
                      } catch(d) {}
                      a.src = ((b ? "https:": "http:")) + "//webresource.tripcdn.com/ares2/sysdev/ubt/*/default/_bfa.min.js" + c;
                      b = document.getElementsByTagName("script")[0];
                      b.parentNode.insertBefore(a, b)
                  }
              })();
            </script></body></html>

[2025-06-26 23:00:53] URL: https://ttdopen.ctrip.com/api/PayPreOrderConfirm.do
Payload: {"header":{"accountId":"9a61dfc211eab470","serviceName":"PayPreOrderConfirm","requestTime":"2025-06-26 22:58:52","version":"1.0","sign":"4dfa946d1a242a681f43e1b0e06db7da"},"body":"mdoobfebjappcgfdjkdnlgjdcmgknfnjpjljgmkncdjihaebmpehompginpodjbbfoiiaecmgbpkpgcmilknlgneijmdgpkdocekefkdchjimpalhpgefdpeifjhhlhmmcpbpiakceibjnkeeiphhcjdcmljgfgacmgodcabfdbhlgcchmkpjidgoodmhclflgccpaghapapppcjfjfnicmhfalhfppkdajbhhfgioncfbpnifiaafnnjdhmndoamoepdjphknjpolamplnnodnnimceidmc"}
HTTP Code: 504
Response: <html>
<head><title>504 Gateway Time-out</title></head>
<body>
<center><h1>504 Gateway Time-out</h1></center>
<hr><center>nginx</center>
</body>
</html>

